date,truck,window,location,lat,lng,flags,window_open,available_now,order_host,order_link
2026-09-03,Al Chile,11:00-21:30,Station Square,52.1943842680965,0.13822195536682358,COLLECTION/SLOTTED,True,False,mexicanpinktruck.hatchesup.app,https://mexicanpinktruck.hatchesup.app/basket/new?r=BAhJIhxodHRwczovL2hhdGNoZXN1cC5jby51awY6BkVU--5942f19e56a10904bb3b3ddfd5089e2be2c9ba2d&st=eyJfcmFpbHMiOnsibWVzc2FnZSI6IkJBaEpJamhuYVdRNkx5OXpZMmhzWlhBdlEyOXNiR1ZqZEdsdmJrZHliM1Z3THpRek56TTVNejlsZUhCcGNtVnpYMmx1UFRFNE1EQUdPZ1pGVkE9PSIsImV4cCI6IjIwMjYtMDktMDNUMjE6Mjc6MjEuNjcxWiIsInB1ciI6ImRlZmF1bHQifX0%3D--d482c5e5e369f2aef7244b6bc009b81e51cd059d
2026-09-03,All Fired Up Pizza,17:00-20:00,Belfairs Park,51.556711270870785,0.6459897228896299,COLLECTION/SLOTTED,True,False,allfireduppizza.hatchesup.app,https://allfireduppizza.hatchesup.app/basket/new?r=BAhJIhxodHRwczovL2hhdGNoZXN1cC5jby51awY6BkVU--5942f19e56a10904bb3b3ddfd5089e2be2c9ba2d&st=eyJfcmFpbHMiOnsibWVzc2FnZSI6IkJBaEpJamhuYVdRNkx5OXpZMmhzWlhBdlEyOXNiR1ZqZEdsdmJrZHliM1Z3THpRMU1EY3dNejlsZUhCcGNtVnpYMmx1UFRFNE1EQUdPZ1pGVkE9PSIsImV4cCI6IjIwMjYtMDktMDNUMjE6Mjc6MjEuNTcwWiIsInB1ciI6ImRlZmF1bHQifX0%3D--219811903d3e56737721dd09d0a05490ed979250
2026-09-03,BabTooma Express,11:00-21:00,Darley Street Market,53.79580180316677,-1.7538697554462181,COLLECTION/SLOTTED,True,False,babtooma.hatchesup.app,https://babtooma.hatchesup.app/basket/new?r=BAhJIhxodHRwczovL2hhdGNoZXN1cC5jby51awY6BkVU--5942f19e56a10904bb3b3ddfd5089e2be2c9ba2d&st=eyJfcmFpbHMiOnsibWVzc2FnZSI6IkJBaEpJamhuYVdRNkx5OXpZMmhzWlhBdlEyOXNiR1ZqZEdsdmJrZHliM1Z3THpRek1UUXpPRDlsZUhCcGNtVnpYMmx1UFRFNE1EQUdPZ1pGVkE9PSIsImV4cCI6IjIwMjYtMDktMDNUMjE6Mjc6MjEuOTUzWiIsInB1ciI6ImRlZmF1bHQifX0%3D--0adafc32356883f835922909fa80dc37a7a9fb6c
2026-09-03,Barista Boy Coffee Co,06:30-12:00,Flitch Green,51.85865176448034,0.4140978936633681,HIDE_PRICES/COLLECTION/SLOTTED,True,False,baristaboycoffee.hatchesup.app,https://baristaboycoffee.hatchesup.app/basket/new?r=BAhJIhxodHRwczovL2hhdGNoZXN1cC5jby51awY6BkVU--5942f19e56a10904bb3b3ddfd5089e2be2c9ba2d&st=eyJfcmFpbHMiOnsibWVzc2FnZSI6IkJBaEpJamhuYVdRNkx5OXpZMmhzWlhBdlEyOXNiR1ZqZEdsdmJrZHliM1Z3THpRek5UZzRPRDlsZUhCcGNtVnpYMmx1UFRFNE1EQUdPZ1pGVkE9PSIsImV4cCI6IjIwMjYtMDktMDNUMjE6Mjc6MjIuMDkxWiIsInB1ciI6ImRlZmF1bHQifX0%3D--d60b58af963ac385eacf7b8562d0b78d191d7f9b
2026-09-03,Beardus Burger,17:00-23:30,A38 Last Exit,52.5077273307796,-1.84796201084773,COLLECTION/SLOTTED,True,True,beardusburger.hatchesup.app,https://beardusburger.hatchesup.app/basket/new?r=BAhJIhxodHRwczovL2hhdGNoZXN1cC5jby51awY6BkVU--5942f19e56a10904bb3b3ddfd5089e2be2c9ba2d&st=eyJfcmFpbHMiOnsibWVzc2FnZSI6IkJBaEpJamhuYVdRNkx5OXpZMmhzWlhBdlEyOXNiR1ZqZEdsdmJrZHliM1Z3THpRek9ETTBNVDlsZUhCcGNtVnpYMmx1UFRFNE1EQUdPZ1pGVkE9PSIsImV4cCI6IjIwMjYtMDktMDNUMjE6Mjc6MjEuOTg0WiIsInB1ciI6ImRlZmF1bHQifX0%3D--d1d7ef6028e3d0c65111c85cce150edb9e07e580
2026-09-03,Build A Burga,16:00-21:00,"Stone Street Square, Dudley",52.51057404602015,-2.083067778492502,COLLECTION/SLOTTED,True,False,buildaburga.hatchesup.app,https://buildaburga.hatchesup.app/basket/new?r=BAhJIhxodHRwczovL2hhdGNoZXN1cC5jby51awY6BkVU--5942f19e56a10904bb3b3ddfd5089e2be2c9ba2d&st=eyJfcmFpbHMiOnsibWVzc2FnZSI6IkJBaEpJamhuYVdRNkx5OXpZMmhzWlhBdlEyOXNiR1ZqZEdsdmJrZHliM1Z3THpReU5UazJOVDlsZUhCcGNtVnpYMmx1UFRFNE1EQUdPZ1pGVkE9PSIsImV4cCI6IjIwMjYtMDktMDNUMjE6Mjc6MjIuMzE0WiIsInB1ciI6ImRlZmF1bHQifX0%3D--43030dc128624913ebed2fc7f55fb2338f4d4f8a
2026-09-03,Cairo Van,17:00-21:00,"Borde Hill, Borde Hill Lane, Haywards Heath RH16 1XP",51.02123492342809,-0.11162986315943783,HIDE_PRICES/COLLECTION/SLOTTED,True,False,cairovan.hatchesup.app,https://cairovan.hatchesup.app/basket/new?r=BAhJIhxodHRwczovL2hhdGNoZXN1cC5jby51awY6BkVU--5942f19e56a10904bb3b3ddfd5089e2be2c9ba2d&st=eyJfcmFpbHMiOnsibWVzc2FnZSI6IkJBaEpJamhuYVdRNkx5OXpZMmhzWlhBdlEyOXNiR1ZqZEdsdmJrZHliM1Z3THpRMU1EWXlNejlsZUhCcGNtVnpYMmx1UFRFNE1EQUdPZ1pGVkE9PSIsImV4cCI6IjIwMjYtMDktMDNUMjE6Mjc6MjIuNDE4WiIsInB1ciI6ImRlZmF1bHQifX0%3D--5820e5e1ff9ac77762f6d17cca1e9c6f9bd1c5f5
2026-09-03,Charlie's Chippy,16:30-20:00,"The Greyhound Pub, Bengeo",51.80814973222689,-0.0794521445541464,HIDE_PRICES/COLLECTION/SLOTTED,True,False,charlieschippy.hatchesup.app,https://charlieschippy.hatchesup.app/basket/new?r=BAhJIhxodHRwczovL2hhdGNoZXN1cC5jby51awY6BkVU--5942f19e56a10904bb3b3ddfd5089e2be2c9ba2d&st=eyJfcmFpbHMiOnsibWVzc2FnZSI6IkJBaEpJamhuYVdRNkx5OXpZMmhzWlhBdlEyOXNiR1ZqZEdsdmJrZHliM1Z3THpRME9UZzBPRDlsZUhCcGNtVnpYMmx1UFRFNE1EQUdPZ1pGVkE9PSIsImV4cCI6IjIwMjYtMDktMDNUMjE6Mjc6MjEuNDg5WiIsInB1ciI6ImRlZmF1bHQifX0%3D--26ddbb6a23cb49e73447b0d20d0a6cec8f106adb
2026-09-03,Clumsies,17:30-21:00,Mrs Salisburys Carpark,51.77840151464219,0.6756063178461756,COLLECTION/SLOTTED,True,False,clumsies.hatchesup.app,https://clumsies.hatchesup.app/basket/new?r=BAhJIhxodHRwczovL2hhdGNoZXN1cC5jby51awY6BkVU--5942f19e56a10904bb3b3ddfd5089e2be2c9ba2d&st=eyJfcmFpbHMiOnsibWVzc2FnZSI6IkJBaEpJamhuYVdRNkx5OXpZMmhzWlhBdlEyOXNiR1ZqZEdsdmJrZHliM1Z3THpRek5UQXlNajlsZUhCcGNtVnpYMmx1UFRFNE1EQUdPZ1pGVkE9PSIsImV4cCI6IjIwMjYtMDktMDNUMjE6Mjc6MjEuNTk3WiIsInB1ciI6ImRlZmF1bHQifX0%3D--63c25889b70d925ea91d92b24ccd2fd6aa1ee497
2026-09-03,Cult of Curry,17:45-20:00,Dark Horse,51.3883716135783,-0.08994296038480343,COLLECTION/SLOTTED,True,False,cultofcurry.hatchesup.app,https://cultofcurry.hatchesup.app/basket/new?r=BAhJIhxodHRwczovL2hhdGNoZXN1cC5jby51awY6BkVU--5942f19e56a10904bb3b3ddfd5089e2be2c9ba2d&st=eyJfcmFpbHMiOnsibWVzc2FnZSI6IkJBaEpJamhuYVdRNkx5OXpZMmhzWlhBdlEyOXNiR1ZqZEdsdmJrZHliM1Z3THpRME5EQXpORDlsZUhCcGNtVnpYMmx1UFRFNE1EQUdPZ1pGVkE9PSIsImV4cCI6IjIwMjYtMDktMDNUMjE6Mjc6MjEuNDI2WiIsInB1ciI6ImRlZmF1bHQifX0%3D--bfbb600024d547a381cfccb30d369ee25318c748
2026-09-03,Eat Is Greek,16:00-20:00,"Middleton Pavilion, Worrelle Avenue, Milton Keynes MK10 9AD",52.04322379447297,-0.6986190676319661,HIDE_PRICES/COLLECTION/SLOTTED,True,False,eatisgreekmk.hatchesup.app,https://eatisgreekmk.hatchesup.app/basket/new?r=BAhJIhxodHRwczovL2hhdGNoZXN1cC5jby51awY6BkVU--5942f19e56a10904bb3b3ddfd5089e2be2c9ba2d&st=eyJfcmFpbHMiOnsibWVzc2FnZSI6IkJBaEpJamhuYVdRNkx5OXpZMmhzWlhBdlEyOXNiR1ZqZEdsdmJrZHliM1Z3THpRMU16UTVOajlsZUhCcGNtVnpYMmx1UFRFNE1EQUdPZ1pGVkE9PSIsImV4cCI6IjIwMjYtMDktMDNUMjE6Mjc6MjEuODI4WiIsInB1ciI6ImRlZmF1bHQifX0%3D--241c648c90b8314c4608fc22a0269e3cfd44b765
2026-09-03,Fully Loaded Fries,17:00-20:00,Roydon Village Hall,52.37941186920013,1.0896624463857303,COLLECTION/SLOTTED,True,False,fullyloadedfries.hatchesup.app,https://fullyloadedfries.hatchesup.app/basket/new?r=BAhJIhxodHRwczovL2hhdGNoZXN1cC5jby51awY6BkVU--5942f19e56a10904bb3b3ddfd5089e2be2c9ba2d&st=eyJfcmFpbHMiOnsibWVzc2FnZSI6IkJBaEpJamhuYVdRNkx5OXpZMmhzWlhBdlEyOXNiR1ZqZEdsdmJrZHliM1Z3THpRMU1ERXhNRDlsZUhCcGNtVnpYMmx1UFRFNE1EQUdPZ1pGVkE9PSIsImV4cCI6IjIwMjYtMDktMDNUMjE6Mjc6MjEuNDQ4WiIsInB1ciI6ImRlZmF1bHQifX0%3D--cb5ac51eb5a6dbbfd813e8afee7ca5d014ca7eb2
2026-09-03,Fully Loaded Fries,11:00-14:00,"Stowmarket Foodie Thursday, Market Place, Stowmarket IP14 1DN",52.1870100494792,0.9965698541074167,COLLECTION/SLOTTED,True,False,fullyloadedfries.hatchesup.app,https://fullyloadedfries.hatchesup.app/basket/new?r=BAhJIhxodHRwczovL2hhdGNoZXN1cC5jby51awY6BkVU--5942f19e56a10904bb3b3ddfd5089e2be2c9ba2d&st=eyJfcmFpbHMiOnsibWVzc2FnZSI6IkJBaEpJamhuYVdRNkx5OXpZMmhzWlhBdlEyOXNiR1ZqZEdsdmJrZHliM1Z3THpRMU1EQTVOejlsZUhCcGNtVnpYMmx1UFRFNE1EQUdPZ1pGVkE9PSIsImV4cCI6IjIwMjYtMDktMDNUMjE6Mjc6MjEuNDcyWiIsInB1ciI6ImRlZmF1bHQifX0%3D--74a608d28af1d443ce6c2f189d01676644cec478
2026-09-03,Goldee's Bagels,10:00-16:00,"Shambles Market, York",53.959698327489846,-1.078798749143823,COLLECTION/SLOTTED,True,False,goldeesbagels.hatchesup.app,https://goldeesbagels.hatchesup.app/basket/new?r=BAhJIhxodHRwczovL2hhdGNoZXN1cC5jby51awY6BkVU--5942f19e56a10904bb3b3ddfd5089e2be2c9ba2d&st=eyJfcmFpbHMiOnsibWVzc2FnZSI6IkJBaEpJamhuYVdRNkx5OXpZMmhzWlhBdlEyOXNiR1ZqZEdsdmJrZHliM1Z3THpRMU1EZ3pNajlsZUhCcGNtVnpYMmx1UFRFNE1EQUdPZ1pGVkE9PSIsImV4cCI6IjIwMjYtMDktMDNUMjE6Mjc6MjIuMTU0WiIsInB1ciI6ImRlZmF1bHQifX0%3D--e827a0b94aac2af53c8c607201a06b9b8d21b855
2026-09-03,Green Choy,12:00-23:00,"Green Choy, Maison Noor, Ilford",51.55782355880592,0.0749974233762525,COLLECTION/SLOTTED,True,True,greenchoykorean.hatchesup.app,https://greenchoykorean.hatchesup.app/basket/new?r=BAhJIhxodHRwczovL2hhdGNoZXN1cC5jby51awY6BkVU--5942f19e56a10904bb3b3ddfd5089e2be2c9ba2d&st=eyJfcmFpbHMiOnsibWVzc2FnZSI6IkJBaEpJamhuYVdRNkx5OXpZMmhzWlhBdlEyOXNiR1ZqZEdsdmJrZHliM1Z3THpReU56RXlOVDlsZUhCcGNtVnpYMmx1UFRFNE1EQUdPZ1pGVkE9PSIsImV4cCI6IjIwMjYtMDktMDNUMjE6Mjc6MjIuMjY3WiIsInB1ciI6ImRlZmF1bHQifX0%3D--1ad4e959eee7574dcf1687b66bfdd22ec86c8fd5
2026-09-03,Green Choy,12:00-23:45,"Green Choy, Mercato Metropolitano Elephant & Castle",51.49794316477026,-0.09678774963472865,COLLECTION/SLOTTED,True,True,greenchoykorean.hatchesup.app,https://greenchoykorean.hatchesup.app/basket/new?r=BAhJIhxodHRwczovL2hhdGNoZXN1cC5jby51awY6BkVU--5942f19e56a10904bb3b3ddfd5089e2be2c9ba2d&st=eyJfcmFpbHMiOnsibWVzc2FnZSI6IkJBaEpJamhuYVdRNkx5OXpZMmhzWlhBdlEyOXNiR1ZqZEdsdmJrZHliM1Z3THpReU9EUTJPRDlsZUhCcGNtVnpYMmx1UFRFNE1EQUdPZ1pGVkE9PSIsImV4cCI6IjIwMjYtMDktMDNUMjE6Mjc6MjIuMjg5WiIsInB1ciI6ImRlZmF1bHQifX0%3D--a9d9de699b90073adc676ee769a19bb24b4263be
2026-09-03,Green Choy,12:00-21:00,"Green Choy, Tooting Market",51.428510940283644,-0.16494930778979333,COLLECTION/SLOTTED,True,False,greenchoykorean.hatchesup.app,https://greenchoykorean.hatchesup.app/basket/new?r=BAhJIhxodHRwczovL2hhdGNoZXN1cC5jby51awY6BkVU--5942f19e56a10904bb3b3ddfd5089e2be2c9ba2d&st=eyJfcmFpbHMiOnsibWVzc2FnZSI6IkJBaEpJamhuYVdRNkx5OXpZMmhzWlhBdlEyOXNiR1ZqZEdsdmJrZHliM1Z3THpReU5UVXhOejlsZUhCcGNtVnpYMmx1UFRFNE1EQUdPZ1pGVkE9PSIsImV4cCI6IjIwMjYtMDktMDNUMjE6Mjc6MjIuMjQyWiIsInB1ciI6ImRlZmF1bHQifX0%3D--66a2367877af996968bb1331c7b8f2d65b89058d
2026-09-03,Gurkha Street Food,17:30-20:30,"The Craufurd Arms, Wolverton MK12 5LT",52.062004727614095,-0.8141427187459882,COLLECTION/SLOTTED,True,False,gurkhastreetfood.hatchesup.app,https://gurkhastreetfood.hatchesup.app/basket/new?r=BAhJIhxodHRwczovL2hhdGNoZXN1cC5jby51awY6BkVU--5942f19e56a10904bb3b3ddfd5089e2be2c9ba2d&st=eyJfcmFpbHMiOnsibWVzc2FnZSI6IkJBaEpJamhuYVdRNkx5OXpZMmhzWlhBdlEyOXNiR1ZqZEdsdmJrZHliM1Z3THpRME9EWTJNejlsZUhCcGNtVnpYMmx1UFRFNE1EQUdPZ1pGVkE9PSIsImV4cCI6IjIwMjYtMDktMDNUMjE6Mjc6MjEuNzA1WiIsInB1ciI6ImRlZmF1bHQifX0%3D--b9c398b4c7663ce0d7c9df5fdc4db9951867edf5
2026-09-03,Hot Bird,12:00-20:30,Market Place Hounslow,51.46735843192258,-0.36387034285270703,COLLECTION/SLOTTED,True,False,hotbird.hatchesup.app,https://hotbird.hatchesup.app/basket/new?r=BAhJIhxodHRwczovL2hhdGNoZXN1cC5jby51awY6BkVU--5942f19e56a10904bb3b3ddfd5089e2be2c9ba2d&st=eyJfcmFpbHMiOnsibWVzc2FnZSI6IkJBaEpJamhuYVdRNkx5OXpZMmhzWlhBdlEyOXNiR1ZqZEdsdmJrZHliM1Z3THpReU16WTVNVDlsZUhCcGNtVnpYMmx1UFRFNE1EQUdPZ1pGVkE9PSIsImV4cCI6IjIwMjYtMDktMDNUMjE6Mjc6MjIuMzY2WiIsInB1ciI6ImRlZmF1bHQifX0%3D--6efe0d3c1a242393e43fd2359906f760eef6ab80
2026-09-03,Kerbside Kitchen,08:00-14:30,"Kerbside Kitchen, North Walsham",52.828029860188224,1.3825721825186381,HIDE_PRICES/COLLECTION/SLOTTED,True,False,kerbsidekitchen.hatchesup.app,https://kerbsidekitchen.hatchesup.app/basket/new?r=BAhJIhxodHRwczovL2hhdGNoZXN1cC5jby51awY6BkVU--5942f19e56a10904bb3b3ddfd5089e2be2c9ba2d&st=eyJfcmFpbHMiOnsibWVzc2FnZSI6IkJBaEpJamhuYVdRNkx5OXpZMmhzWlhBdlEyOXNiR1ZqZEdsdmJrZHliM1Z3THpReU1UazFPRDlsZUhCcGNtVnpYMmx1UFRFNE1EQUdPZ1pGVkE9PSIsImV4cCI6IjIwMjYtMDktMDNUMjE6Mjc6MjEuNTIxWiIsInB1ciI6ImRlZmF1bHQifX0%3D--3a7bcf5e1694b60325e4f3ac4555614ae9c52ac5
2026-09-03,Kerbside Kitchen,11:00-19:30,"Kerbside Kitchen, Cromer",52.93141941204113,1.3012480345261939,HIDE_PRICES/COLLECTION/SLOTTED,True,False,kerbsidekitchen.hatchesup.app,https://kerbsidekitchen.hatchesup.app/basket/new?r=BAhJIhxodHRwczovL2hhdGNoZXN1cC5jby51awY6BkVU--5942f19e56a10904bb3b3ddfd5089e2be2c9ba2d&st=eyJfcmFpbHMiOnsibWVzc2FnZSI6IkJBaEpJamhuYVdRNkx5OXpZMmhzWlhBdlEyOXNiR1ZqZEdsdmJrZHliM1Z3THpReU1qZ3hNVDlsZUhCcGNtVnpYMmx1UFRFNE1EQUdPZ1pGVkE9PSIsImV4cCI6IjIwMjYtMDktMDNUMjE6Mjc6MjEuNTQ2WiIsInB1ciI6ImRlZmF1bHQifX0%3D--a0753196276d8fdaf93c9492d4678c51755c6f20
2026-09-03,Kushi London,11:30-18:00,Old Spitalfields Market,51.51929141182023,-0.07404331134372141,HIDE_PRICES/COLLECTION/SLOTTED,True,False,kushilondon.hatchesup.app,https://kushilondon.hatchesup.app/basket/new?r=BAhJIhxodHRwczovL2hhdGNoZXN1cC5jby51awY6BkVU--5942f19e56a10904bb3b3ddfd5089e2be2c9ba2d&st=eyJfcmFpbHMiOnsibWVzc2FnZSI6IkJBaEpJamhuYVdRNkx5OXpZMmhzWlhBdlEyOXNiR1ZqZEdsdmJrZHliM1Z3THpReU5EWTVPVDlsZUhCcGNtVnpYMmx1UFRFNE1EQUdPZ1pGVkE9PSIsImV4cCI6IjIwMjYtMDktMDNUMjE6Mjc6MjIuMzkzWiIsInB1ciI6ImRlZmF1bHQifX0%3D--e220a83aec7d1b9b4b13c256e6a1a0e7fde82b9a
2026-09-03,Ling Ling's Steam Kitchen,11:45-14:00,"Mill Park Road, Cambridge",52.19301121299365,0.13607809634170992,COLLECTION/SLOTTED,True,False,linglingssteamkitchen.hatchesup.app,https://linglingssteamkitchen.hatchesup.app/basket/new?r=BAhJIhxodHRwczovL2hhdGNoZXN1cC5jby51awY6BkVU--5942f19e56a10904bb3b3ddfd5089e2be2c9ba2d&st=eyJfcmFpbHMiOnsibWVzc2FnZSI6IkJBaEpJamhuYVdRNkx5OXpZMmhzWlhBdlEyOXNiR1ZqZEdsdmJrZHliM1Z3THpRek5UWXlORDlsZUhCcGNtVnpYMmx1UFRFNE1EQUdPZ1pGVkE9PSIsImV4cCI6IjIwMjYtMDktMDNUMjE6Mjc6MjEuNzU2WiIsInB1ciI6ImRlZmF1bHQifX0%3D--8603b9e0c47dfe97d4844ddbfea7083bddf09deb
2026-09-03,Mama Cook Truck,17:30-20:30,"The Muddy Duck, Maldon (Thursdays)",51.73499661406567,0.6810369197761486,COLLECTION/SLOTTED,True,False,mamacooktruck.hatchesup.app,https://mamacooktruck.hatchesup.app/basket/new?r=BAhJIhxodHRwczovL2hhdGNoZXN1cC5jby51awY6BkVU--5942f19e56a10904bb3b3ddfd5089e2be2c9ba2d&st=eyJfcmFpbHMiOnsibWVzc2FnZSI6IkJBaEpJamhuYVdRNkx5OXpZMmhzWlhBdlEyOXNiR1ZqZEdsdmJrZHliM1Z3THpRMU1ERXlNejlsZUhCcGNtVnpYMmx1UFRFNE1EQUdPZ1pGVkE9PSIsImV4cCI6IjIwMjYtMDktMDNUMjE6Mjc6MjEuNzc5WiIsInB1ciI6ImRlZmF1bHQifX0%3D--c0e9908f711808d69c2aaa148e3e90429992f5f1
2026-09-03,Meat Point,11:00-18:00,Camden Stables Market,51.541831129005246,-0.14615824301484093,HIDE_PRICES/COLLECTION/SLOTTED,True,False,meatpoint.hatchesup.app,https://meatpoint.hatchesup.app/basket/new?r=BAhJIhxodHRwczovL2hhdGNoZXN1cC5jby51awY6BkVU--5942f19e56a10904bb3b3ddfd5089e2be2c9ba2d&st=eyJfcmFpbHMiOnsibWVzc2FnZSI6IkJBaEpJamhuYVdRNkx5OXpZMmhzWlhBdlEyOXNiR1ZqZEdsdmJrZHliM1Z3THpReE9EYzVPVDlsZUhCcGNtVnpYMmx1UFRFNE1EQUdPZ1pGVkE9PSIsImV4cCI6IjIwMjYtMDktMDNUMjE6Mjc6MjIuMzQxWiIsInB1ciI6ImRlZmF1bHQifX0%3D--fa792625508620b6f0e38f3571f570c411bd62de
2026-09-03,Miam Miam Bakes,10:00-16:00,"The Glass Pod, Broad Street, King's Lynn PE30 1DP",52.75403780600519,0.39919241514598375,HIDE_PRICES/COLLECTION/SLOTTED,True,False,miammiambakes.hatchesup.app,https://miammiambakes.hatchesup.app/basket/new?r=BAhJIhxodHRwczovL2hhdGNoZXN1cC5jby51awY6BkVU--5942f19e56a10904bb3b3ddfd5089e2be2c9ba2d&st=eyJfcmFpbHMiOnsibWVzc2FnZSI6IkJBaEpJamhuYVdRNkx5OXpZMmhzWlhBdlEyOXNiR1ZqZEdsdmJrZHliM1Z3THpRek5qUTNNejlsZUhCcGNtVnpYMmx1UFRFNE1EQUdPZ1pGVkE9PSIsImV4cCI6IjIwMjYtMDktMDNUMjE6Mjc6MjIuNDQwWiIsInB1ciI6ImRlZmF1bHQifX0%3D--8b7261bf69066451e70e1312e78c0c09c06ccff3
2026-09-03,Morty's Focacceria,12:00-21:00,White Cloth Hall,53.795311961038614,-1.5389447023425797,COLLECTION/SLOTTED,True,False,mortys.hatchesup.app,https://mortys.hatchesup.app/basket/new?r=BAhJIhxodHRwczovL2hhdGNoZXN1cC5jby51awY6BkVU--5942f19e56a10904bb3b3ddfd5089e2be2c9ba2d&st=eyJfcmFpbHMiOnsibWVzc2FnZSI6IkJBaEpJamhuYVdRNkx5OXpZMmhzWlhBdlEyOXNiR1ZqZEdsdmJrZHliM1Z3THpReU5UQTNNejlsZUhCcGNtVnpYMmx1UFRFNE1EQUdPZ1pGVkE9PSIsImV4cCI6IjIwMjYtMDktMDNUMjE6Mjc6MjIuMDEwWiIsInB1ciI6ImRlZmF1bHQifX0%3D--82ddd8c2112be9b55c11fa794e675c84f8d2aadf
2026-09-03,Nomadough,11:45-14:00,foodPark Cambridge Science Park,52.2338456727457,0.14225121257115347,COLLECTION/SLOTTED,True,False,order.nomadough.co.uk,https://order.nomadough.co.uk/basket/new?r=BAhJIhxodHRwczovL2hhdGNoZXN1cC5jby51awY6BkVU--5942f19e56a10904bb3b3ddfd5089e2be2c9ba2d&st=eyJfcmFpbHMiOnsibWVzc2FnZSI6IkJBaEpJamhuYVdRNkx5OXpZMmhzWlhBdlEyOXNiR1ZqZEdsdmJrZHliM1Z3THpRME56ZzFPRDlsZUhCcGNtVnpYMmx1UFRFNE1EQUdPZ1pGVkE9PSIsImV4cCI6IjIwMjYtMDktMDNUMjE6Mjc6MjEuMzQ3WiIsInB1ciI6ImRlZmF1bHQifX0%3D--83db550c3403734b31432f684cb2503e203b4356
2026-09-03,Nomadough,16:45-20:00,Clay Farm,52.17828252756633,0.12138074232811934,COLLECTION/SLOTTED,True,False,order.nomadough.co.uk,https://order.nomadough.co.uk/basket/new?r=BAhJIhxodHRwczovL2hhdGNoZXN1cC5jby51awY6BkVU--5942f19e56a10904bb3b3ddfd5089e2be2c9ba2d&st=eyJfcmFpbHMiOnsibWVzc2FnZSI6IkJBaEpJamhuYVdRNkx5OXpZMmhzWlhBdlEyOXNiR1ZqZEdsdmJrZHliM1Z3THpRME56ZzJPRDlsZUhCcGNtVnpYMmx1UFRFNE1EQUdPZ1pGVkE9PSIsImV4cCI6IjIwMjYtMDktMDNUMjE6Mjc6MjEuMzY3WiIsInB1ciI6ImRlZmF1bHQifX0%3D--8f1389926dbb0a2cad001a52231c8cda35534c34
2026-09-03,Pecoro On The Road,17:00-20:00,The Green Man ,52.36342392948972,0.018591710942309155,COLLECTION/SLOTTED/VOUCHER,True,False,pecoroontheroad.hatchesup.app,https://pecoroontheroad.hatchesup.app/basket/new?r=BAhJIhxodHRwczovL2hhdGNoZXN1cC5jby51awY6BkVU--5942f19e56a10904bb3b3ddfd5089e2be2c9ba2d&st=eyJfcmFpbHMiOnsibWVzc2FnZSI6IkJBaEpJamhuYVdRNkx5OXpZMmhzWlhBdlEyOXNiR1ZqZEdsdmJrZHliM1Z3THpReE5qSXlOajlsZUhCcGNtVnpYMmx1UFRFNE1EQUdPZ1pGVkE9PSIsImV4cCI6IjIwMjYtMDktMDNUMjE6Mjc6MjEuMzgzWiIsInB1ciI6ImRlZmF1bHQifX0%3D--1f3f4b8aef64c4c8baa9f84fa9ee4f7864ef0b6b
2026-09-03,Pigcassos,11:45-13:45,FoodPark - Cambridge Science Park - 332,52.234167328203796,0.14208949709481544,COLLECTION/SLOTTED,True,False,order.pigcassoscatering.co.uk,https://order.pigcassoscatering.co.uk/basket/new?r=BAhJIhxodHRwczovL2hhdGNoZXN1cC5jby51awY6BkVU--5942f19e56a10904bb3b3ddfd5089e2be2c9ba2d&st=eyJfcmFpbHMiOnsibWVzc2FnZSI6IkJBaEpJamhuYVdRNkx5OXpZMmhzWlhBdlEyOXNiR1ZqZEdsdmJrZHliM1Z3THpNME9Ua3hORDlsZUhCcGNtVnpYMmx1UFRFNE1EQUdPZ1pGVkE9PSIsImV4cCI6IjIwMjYtMDktMDNUMjE6Mjc6MjEuMzI5WiIsInB1ciI6ImRlZmF1bHQifX0%3D--74705c9aad261bd990ae1bf6e258b72f46fd312e
2026-09-03,Pimp My Fish,16:45-19:45,Off The Beaten Truck - Saffron Walden,52.018869083184846,0.24436840555811454,COLLECTION/SLOTTED,True,False,order.pimp-my-fish.co.uk,https://order.pimp-my-fish.co.uk/basket/new?r=BAhJIhxodHRwczovL2hhdGNoZXN1cC5jby51awY6BkVU--5942f19e56a10904bb3b3ddfd5089e2be2c9ba2d&st=eyJfcmFpbHMiOnsibWVzc2FnZSI6IkJBaEpJamhuYVdRNkx5OXpZMmhzWlhBdlEyOXNiR1ZqZEdsdmJrZHliM1Z3THpRME56STRNajlsZUhCcGNtVnpYMmx1UFRFNE1EQUdPZ1pGVkE9PSIsImV4cCI6IjIwMjYtMDktMDNUMjE6Mjc6MjEuMTg4WiIsInB1ciI6ImRlZmF1bHQifX0%3D--e986625ac18f27d3760949b87acc472c64de3e13
2026-09-03,Pimp My Fish,11:45-13:45,Foodpark at the Science Park,52.233844223430026,0.142163756517391,COLLECTION/SLOTTED,True,False,order.pimp-my-fish.co.uk,https://order.pimp-my-fish.co.uk/basket/new?r=BAhJIhxodHRwczovL2hhdGNoZXN1cC5jby51awY6BkVU--5942f19e56a10904bb3b3ddfd5089e2be2c9ba2d&st=eyJfcmFpbHMiOnsibWVzc2FnZSI6IkJBaEpJamhuYVdRNkx5OXpZMmhzWlhBdlEyOXNiR1ZqZEdsdmJrZHliM1Z3THpRME56STJNRDlsZUhCcGNtVnpYMmx1UFRFNE1EQUdPZ1pGVkE9PSIsImV4cCI6IjIwMjYtMDktMDNUMjE6Mjc6MjEuMjA4WiIsInB1ciI6ImRlZmF1bHQifX0%3D--708d45900fd9a0f6d9039c6a0cce30dd009f0709
2026-09-03,Pimp My Fish,17:15-20:15,"Affleck Arms, Dalham",52.226566993997295,0.5203490426882524,COLLECTION/SLOTTED,True,False,order.pimp-my-fish.co.uk,https://order.pimp-my-fish.co.uk/basket/new?r=BAhJIhxodHRwczovL2hhdGNoZXN1cC5jby51awY6BkVU--5942f19e56a10904bb3b3ddfd5089e2be2c9ba2d&st=eyJfcmFpbHMiOnsibWVzc2FnZSI6IkJBaEpJamhuYVdRNkx5OXpZMmhzWlhBdlEyOXNiR1ZqZEdsdmJrZHliM1Z3THpRME56STJPVDlsZUhCcGNtVnpYMmx1UFRFNE1EQUdPZ1pGVkE9PSIsImV4cCI6IjIwMjYtMDktMDNUMjE6Mjc6MjEuMjIyWiIsInB1ciI6ImRlZmF1bHQifX0%3D--0710336d474a5ae52fbf8fc0c3223e61e90eff39
2026-09-03,Pizza Lola,16:30-20:00,Pewsey Car Wash,51.349080717887716,-1.7748834248682506,COLLECTION/SLOTTED,True,False,pizzalola.hatchesup.app,https://pizzalola.hatchesup.app/basket/new?r=BAhJIhxodHRwczovL2hhdGNoZXN1cC5jby51awY6BkVU--5942f19e56a10904bb3b3ddfd5089e2be2c9ba2d&st=eyJfcmFpbHMiOnsibWVzc2FnZSI6IkJBaEpJamhuYVdRNkx5OXpZMmhzWlhBdlEyOXNiR1ZqZEdsdmJrZHliM1Z3THpRMU1ETXpPVDlsZUhCcGNtVnpYMmx1UFRFNE1EQUdPZ1pGVkE9PSIsImV4cCI6IjIwMjYtMDktMDNUMjE6Mjc6MjEuNDA1WiIsInB1ciI6ImRlZmF1bHQifX0%3D--2d9c254f2f868c5ecd1eee1fb6cbc2879c46f361
2026-09-03,Pizza Mondo,16:45-20:00,"Off The Beaten Truck, The Common",52.02336480754661,0.24433791329659016,COLLECTION/SLOTTED,True,False,order.pizza-mondo.co.uk,https://order.pizza-mondo.co.uk/basket/new?r=BAhJIhxodHRwczovL2hhdGNoZXN1cC5jby51awY6BkVU--5942f19e56a10904bb3b3ddfd5089e2be2c9ba2d&st=eyJfcmFpbHMiOnsibWVzc2FnZSI6IkJBaEpJamhuYVdRNkx5OXpZMmhzWlhBdlEyOXNiR1ZqZEdsdmJrZHliM1Z3THpRME9ERXhNajlsZUhCcGNtVnpYMmx1UFRFNE1EQUdPZ1pGVkE9PSIsImV4cCI6IjIwMjYtMDktMDNUMjE6Mjc6MjEuMjc1WiIsInB1ciI6ImRlZmF1bHQifX0%3D--8872d1755b78a69a1bf5687fac4953b8905772a9
2026-09-03,Pizza Mondo,16:45-20:00,Newnham,52.193568544067304,0.1091058174761129,COLLECTION/SLOTTED,True,False,order.pizza-mondo.co.uk,https://order.pizza-mondo.co.uk/basket/new?r=BAhJIhxodHRwczovL2hhdGNoZXN1cC5jby51awY6BkVU--5942f19e56a10904bb3b3ddfd5089e2be2c9ba2d&st=eyJfcmFpbHMiOnsibWVzc2FnZSI6IkJBaEpJamhuYVdRNkx5OXpZMmhzWlhBdlEyOXNiR1ZqZEdsdmJrZHliM1Z3THpRME9ERXlOajlsZUhCcGNtVnpYMmx1UFRFNE1EQUdPZ1pGVkE9PSIsImV4cCI6IjIwMjYtMDktMDNUMjE6Mjc6MjEuMjk3WiIsInB1ciI6ImRlZmF1bHQifX0%3D--86a062fcfbbf7f70ec0a37bde4ed56b254e66168
2026-09-03,Pizza Mondo,11:45-14:00,foodPark Genome Campus ,52.07930343026519,0.18702899934755085,COLLECTION/SLOTTED,True,False,order.pizza-mondo.co.uk,https://order.pizza-mondo.co.uk/basket/new?r=BAhJIhxodHRwczovL2hhdGNoZXN1cC5jby51awY6BkVU--5942f19e56a10904bb3b3ddfd5089e2be2c9ba2d&st=eyJfcmFpbHMiOnsibWVzc2FnZSI6IkJBaEpJamhuYVdRNkx5OXpZMmhzWlhBdlEyOXNiR1ZqZEdsdmJrZHliM1Z3THpRME56STVOVDlsZUhCcGNtVnpYMmx1UFRFNE1EQUdPZ1pGVkE9PSIsImV4cCI6IjIwMjYtMDktMDNUMjE6Mjc6MjEuMzEzWiIsInB1ciI6ImRlZmF1bHQifX0%3D--20a16060c5acf9835f3f0f1e728148b8e890a21f
2026-09-03,Prad Thai,12:00-22:00,Pop Brixton,51.46280428680355,-0.11008543951499557,COLLECTION/SLOTTED,True,False,pradthai.hatchesup.app,https://pradthai.hatchesup.app/basket/new?r=BAhJIhxodHRwczovL2hhdGNoZXN1cC5jby51awY6BkVU--5942f19e56a10904bb3b3ddfd5089e2be2c9ba2d&st=eyJfcmFpbHMiOnsibWVzc2FnZSI6IkJBaEpJamhuYVdRNkx5OXpZMmhzWlhBdlEyOXNiR1ZqZEdsdmJrZHliM1Z3THpRMU1EZzFOejlsZUhCcGNtVnpYMmx1UFRFNE1EQUdPZ1pGVkE9PSIsImV4cCI6IjIwMjYtMDktMDNUMjE6Mjc6MjIuMjExWiIsInB1ciI6ImRlZmF1bHQifX0%3D--dd43aec91664bcb0c3848013cc0108fe151f3366
2026-09-03,Rice Kitchen,11:00-16:30,"Grainger Market, Newcastle",54.973516097821616,-1.6109636541030607,COLLECTION/SLOTTED,True,False,ricekitchenncl.hatchesup.app,https://ricekitchenncl.hatchesup.app/basket/new?r=BAhJIhxodHRwczovL2hhdGNoZXN1cC5jby51awY6BkVU--5942f19e56a10904bb3b3ddfd5089e2be2c9ba2d&st=eyJfcmFpbHMiOnsibWVzc2FnZSI6IkJBaEpJamhuYVdRNkx5OXpZMmhzWlhBdlEyOXNiR1ZqZEdsdmJrZHliM1Z3THpRMU1Ea3lOejlsZUhCcGNtVnpYMmx1UFRFNE1EQUdPZ1pGVkE9PSIsImV4cCI6IjIwMjYtMDktMDNUMjE6Mjc6MjIuMTI3WiIsInB1ciI6ImRlZmF1bHQifX0%3D--4314af0fc12e5afd5a4081ce40abb778053eabbd
2026-09-03,Snackwallah,11:30-16:30,Grainger Market,54.97258797272251,-1.6130193262126347,COLLECTION/SLOTTED,True,False,snackwallah.hatchesup.app,https://snackwallah.hatchesup.app/basket/new?r=BAhJIhxodHRwczovL2hhdGNoZXN1cC5jby51awY6BkVU--5942f19e56a10904bb3b3ddfd5089e2be2c9ba2d&st=eyJfcmFpbHMiOnsibWVzc2FnZSI6IkJBaEpJamhuYVdRNkx5OXpZMmhzWlhBdlEyOXNiR1ZqZEdsdmJrZHliM1Z3THpRek1EWXdNRDlsZUhCcGNtVnpYMmx1UFRFNE1EQUdPZ1pGVkE9PSIsImV4cCI6IjIwMjYtMDktMDNUMjE6Mjc6MjIuMDY0WiIsInB1ciI6ImRlZmF1bHQifX0%3D--f2872fd5b04d2db3b354fcd1942f9c1d1094c893
2026-09-03,Spice & Rice,09:30-18:30,Westfield Stratford,51.54116864912633,0.0035235099243072256,COLLECTION/SLOTTED,True,False,spiceandrice.hatchesup.app,https://spiceandrice.hatchesup.app/basket/new?r=BAhJIhxodHRwczovL2hhdGNoZXN1cC5jby51awY6BkVU--5942f19e56a10904bb3b3ddfd5089e2be2c9ba2d&st=eyJfcmFpbHMiOnsibWVzc2FnZSI6IkJBaEpJamhuYVdRNkx5OXpZMmhzWlhBdlEyOXNiR1ZqZEdsdmJrZHliM1Z3THpRMU1EazFNRDlsZUhCcGNtVnpYMmx1UFRFNE1EQUdPZ1pGVkE9PSIsImV4cCI6IjIwMjYtMDktMDNUMjE6Mjc6MjIuMTgwWiIsInB1ciI6ImRlZmF1bHQifX0%3D--1b3459f30d950b915b7698fa9c38851605694b5c
2026-09-03,Spudalicious,11:30-16:30,MK1 Shopping & Leisure Park,52.01034871113367,-0.7333222612066537,COLLECTION/SLOTTED,True,False,spudaliciousuk.hatchesup.app,https://spudaliciousuk.hatchesup.app/basket/new?r=BAhJIhxodHRwczovL2hhdGNoZXN1cC5jby51awY6BkVU--5942f19e56a10904bb3b3ddfd5089e2be2c9ba2d&st=eyJfcmFpbHMiOnsibWVzc2FnZSI6IkJBaEpJamhuYVdRNkx5OXpZMmhzWlhBdlEyOXNiR1ZqZEdsdmJrZHliM1Z3THpRek5EWXhNajlsZUhCcGNtVnpYMmx1UFRFNE1EQUdPZ1pGVkE9PSIsImV4cCI6IjIwMjYtMDktMDNUMjE6Mjc6MjEuODA0WiIsInB1ciI6ImRlZmF1bHQifX0%3D--a44edae40b94c3e222b1c7f40eb876285ad4c92f
2026-09-03,Steak & Honour,16:45-20:00,Off The Beaten Truck ,52.02349726434674,0.24407535157431118,COLLECTION/SLOTTED,True,False,order.steakandhonour.co.uk,https://order.steakandhonour.co.uk/basket/new?r=BAhJIhxodHRwczovL2hhdGNoZXN1cC5jby51awY6BkVU--5942f19e56a10904bb3b3ddfd5089e2be2c9ba2d&st=eyJfcmFpbHMiOnsibWVzc2FnZSI6IkJBaEpJamhuYVdRNkx5OXpZMmhzWlhBdlEyOXNiR1ZqZEdsdmJrZHliM1Z3THpRME9ETTJNRDlsZUhCcGNtVnpYMmx1UFRFNE1EQUdPZ1pGVkE9PSIsImV4cCI6IjIwMjYtMDktMDNUMjE6Mjc6MjEuMjM3WiIsInB1ciI6ImRlZmF1bHQifX0%3D--73a143c042c19d2aada7dfaac6878f805380ce4b
2026-09-03,Steak & Honour,11:45-14:00,foodPark at Cambridge North Train Station,52.22477444036886,0.15703230892407305,COLLECTION/SLOTTED,True,False,order.steakandhonour.co.uk,https://order.steakandhonour.co.uk/basket/new?r=BAhJIhxodHRwczovL2hhdGNoZXN1cC5jby51awY6BkVU--5942f19e56a10904bb3b3ddfd5089e2be2c9ba2d&st=eyJfcmFpbHMiOnsibWVzc2FnZSI6IkJBaEpJamhuYVdRNkx5OXpZMmhzWlhBdlEyOXNiR1ZqZEdsdmJrZHliM1Z3THpRME9ETTRPRDlsZUhCcGNtVnpYMmx1UFRFNE1EQUdPZ1pGVkE9PSIsImV4cCI6IjIwMjYtMDktMDNUMjE6Mjc6MjEuMjU4WiIsInB1ciI6ImRlZmF1bHQifX0%3D--c446ec780e8c8436ebb8939d22e283b18806bee7
2026-09-03,TEXBBQZ,12:00-23:00,"TEXBBQZ, 714 High Road, Leytonstone, London E11 3AJ",51.56918841400615,0.014814395722679565,COLLECTION/SLOTTED,True,True,texbbqz.hatchesup.app,https://texbbqz.hatchesup.app/basket/new?r=BAhJIhxodHRwczovL2hhdGNoZXN1cC5jby51awY6BkVU--5942f19e56a10904bb3b3ddfd5089e2be2c9ba2d&st=eyJfcmFpbHMiOnsibWVzc2FnZSI6IkJBaEpJamhuYVdRNkx5OXpZMmhzWlhBdlEyOXNiR1ZqZEdsdmJrZHliM1Z3THpRek1qWTFNRDlsZUhCcGNtVnpYMmx1UFRFNE1EQUdPZ1pGVkE9PSIsImV4cCI6IjIwMjYtMDktMDNUMjE6Mjc6MjIuNDYzWiIsInB1ciI6ImRlZmF1bHQifX0%3D--babc8c83c6eb7634318b867ddb2aeafc8490d308
2026-09-03,Taste of Cambridge,11:00-15:30,"Market St, Cambridge",52.205647762613744,0.12154900114932128,COLLECTION/SLOTTED,True,False,tasteofcambridgefalafels.hatchesup.app,https://tasteofcambridgefalafels.hatchesup.app/basket/new?r=BAhJIhxodHRwczovL2hhdGNoZXN1cC5jby51awY6BkVU--5942f19e56a10904bb3b3ddfd5089e2be2c9ba2d&st=eyJfcmFpbHMiOnsibWVzc2FnZSI6IkJBaEpJamhuYVdRNkx5OXpZMmhzWlhBdlEyOXNiR1ZqZEdsdmJrZHliM1Z3THpRek5UTTFORDlsZUhCcGNtVnpYMmx1UFRFNE1EQUdPZ1pGVkE9PSIsImV4cCI6IjIwMjYtMDktMDNUMjE6Mjc6MjEuNzMxWiIsInB1ciI6ImRlZmF1bHQifX0%3D--faa78b16330346e0ab5a4c1b2f0d945b708395db
2026-09-03,The House of Dough,10:30-16:00,The House of Dough (shop),52.05527147365396,-0.8497081995052236,COLLECTION/SLOTTED,True,False,thehouseofdough.hatchesup.app,https://thehouseofdough.hatchesup.app/basket/new?r=BAhJIhxodHRwczovL2hhdGNoZXN1cC5jby51awY6BkVU--5942f19e56a10904bb3b3ddfd5089e2be2c9ba2d&st=eyJfcmFpbHMiOnsibWVzc2FnZSI6IkJBaEpJamhuYVdRNkx5OXpZMmhzWlhBdlEyOXNiR1ZqZEdsdmJrZHliM1Z3THpRek5qSXhNRDlsZUhCcGNtVnpYMmx1UFRFNE1EQUdPZ1pGVkE9PSIsImV4cCI6IjIwMjYtMDktMDNUMjE6Mjc6MjEuODc2WiIsInB1ciI6ImRlZmF1bHQifX0%3D--55f9e988993c9385a5daf68e88521b617494b32b
2026-09-03,The Yeerologist,11:00-20:00,The Yeerologist @ Eat17,51.86990572349725,0.16153980851487787,COLLECTION/SLOTTED,True,False,theyeerologist.hatchesup.app,https://theyeerologist.hatchesup.app/basket/new?r=BAhJIhxodHRwczovL2hhdGNoZXN1cC5jby51awY6BkVU--5942f19e56a10904bb3b3ddfd5089e2be2c9ba2d&st=eyJfcmFpbHMiOnsibWVzc2FnZSI6IkJBaEpJamhuYVdRNkx5OXpZMmhzWlhBdlEyOXNiR1ZqZEdsdmJrZHliM1Z3THpReU5ERTRNVDlsZUhCcGNtVnpYMmx1UFRFNE1EQUdPZ1pGVkE9PSIsImV4cCI6IjIwMjYtMDktMDNUMjE6Mjc6MjIuMDM3WiIsInB1ciI6ImRlZmF1bHQifX0%3D--a6f50f0067a206b78415711e0993c68208864c74
2026-09-03,Toni's Souvlaki & Gyros,11:00-22:00,Watford Market,51.65715879741769,-0.39697891094918225,COLLECTION/SLOTTED,True,False,tonissouvlaki.hatchesup.app,https://tonissouvlaki.hatchesup.app/basket/new?r=BAhJIhxodHRwczovL2hhdGNoZXN1cC5jby51awY6BkVU--5942f19e56a10904bb3b3ddfd5089e2be2c9ba2d&st=eyJfcmFpbHMiOnsibWVzc2FnZSI6IkJBaEpJamhuYVdRNkx5OXpZMmhzWlhBdlEyOXNiR1ZqZEdsdmJrZHliM1Z3THpRek16Z3hNajlsZUhCcGNtVnpYMmx1UFRFNE1EQUdPZ1pGVkE9PSIsImV4cCI6IjIwMjYtMDktMDNUMjE6Mjc6MjEuOTAwWiIsInB1ciI6ImRlZmF1bHQifX0%3D--6416b93b31f60c9ed6491715b3baa34f5f81bb87
2026-09-03,Yum & Bass,11:00-14:00,Tabard Street Food Market,51.50118202609477,-0.09077346410111356,HIDE_PRICES/COLLECTION/SLOTTED,True,False,yumandbass.hatchesup.app,https://yumandbass.hatchesup.app/basket/new?r=BAhJIhxodHRwczovL2hhdGNoZXN1cC5jby51awY6BkVU--5942f19e56a10904bb3b3ddfd5089e2be2c9ba2d&st=eyJfcmFpbHMiOnsibWVzc2FnZSI6IkJBaEpJamhuYVdRNkx5OXpZMmhzWlhBdlEyOXNiR1ZqZEdsdmJrZHliM1Z3THpRek9UUXhPVDlsZUhCcGNtVnpYMmx1UFRFNE1EQUdPZ1pGVkE9PSIsImV4cCI6IjIwMjYtMDktMDNUMjE6Mjc6MjEuOTMwWiIsInB1ciI6ImRlZmF1bHQifX0%3D--b6637ee3a265c1906386894753a7e17e5428e6f5
2026-09-03,Zaket Potato,17:00-20:00,10 Dereham Rd,52.631564958336995,1.2861645465658733,COLLECTION/SLOTTED,True,False,zaketpotato.hatchesup.app,https://zaketpotato.hatchesup.app/basket/new?r=BAhJIhxodHRwczovL2hhdGNoZXN1cC5jby51awY6BkVU--5942f19e56a10904bb3b3ddfd5089e2be2c9ba2d&st=eyJfcmFpbHMiOnsibWVzc2FnZSI6IkJBaEpJamhuYVdRNkx5OXpZMmhzWlhBdlEyOXNiR1ZqZEdsdmJrZHliM1Z3THpRME1EUXdNVDlsZUhCcGNtVnpYMmx1UFRFNE1EQUdPZ1pGVkE9PSIsImV4cCI6IjIwMjYtMDktMDNUMjE6Mjc6MjEuNjI3WiIsInB1ciI6ImRlZmF1bHQifX0%3D--d09d49819ea1c1e533d2264e0288c955831f8a3e
2026-09-03,Zaket Potato,12:00-14:30,10 Dereham Rd,52.631564958336995,1.2861645465658733,COLLECTION/SLOTTED,True,False,zaketpotato.hatchesup.app,https://zaketpotato.hatchesup.app/basket/new?r=BAhJIhxodHRwczovL2hhdGNoZXN1cC5jby51awY6BkVU--5942f19e56a10904bb3b3ddfd5089e2be2c9ba2d&st=eyJfcmFpbHMiOnsibWVzc2FnZSI6IkJBaEpJamhuYVdRNkx5OXpZMmhzWlhBdlEyOXNiR1ZqZEdsdmJrZHliM1Z3THpRME1ERTVNVDlsZUhCcGNtVnpYMmx1UFRFNE1EQUdPZ1pGVkE9PSIsImV4cCI6IjIwMjYtMDktMDNUMjE6Mjc6MjEuNjUyWiIsInB1ciI6ImRlZmF1bHQifX0%3D--bb54bf3910306fe03d77bd409095e6bd1e829a0c
2026-09-04,Al Chile,11:00-21:30,Station Square,52.1943842680965,0.13822195536682358,COLLECTION/SLOTTED,True,True,mexicanpinktruck.hatchesup.app,https://mexicanpinktruck.hatchesup.app/basket/new?r=BAhJIhxodHRwczovL2hhdGNoZXN1cC5jby51awY6BkVU--5942f19e56a10904bb3b3ddfd5089e2be2c9ba2d&st=eyJfcmFpbHMiOnsibWVzc2FnZSI6IkJBaEpJamhuYVdRNkx5OXpZMmhzWlhBdlEyOXNiR1ZqZEdsdmJrZHliM1Z3THpRek56UXpOajlsZUhCcGNtVnpYMmx1UFRFNE1EQUdPZ1pGVkE9PSIsImV4cCI6IjIwMjYtMDktMDNUMjE6Mjc6MjMuMDcwWiIsInB1ciI6ImRlZmF1bHQifX0%3D--3a825501a7ef6dfde491f17eadc2dbe03cf7d298
2026-09-04,All Fired Up Pizza,17:00-20:00,Belfairs Park,51.556711270870785,0.6459897228896299,COLLECTION/SLOTTED,True,True,allfireduppizza.hatchesup.app,https://allfireduppizza.hatchesup.app/basket/new?r=BAhJIhxodHRwczovL2hhdGNoZXN1cC5jby51awY6BkVU--5942f19e56a10904bb3b3ddfd5089e2be2c9ba2d&st=eyJfcmFpbHMiOnsibWVzc2FnZSI6IkJBaEpJamhuYVdRNkx5OXpZMmhzWlhBdlEyOXNiR1ZqZEdsdmJrZHliM1Z3THpRMU1EY3hOajlsZUhCcGNtVnpYMmx1UFRFNE1EQUdPZ1pGVkE9PSIsImV4cCI6IjIwMjYtMDktMDNUMjE6Mjc6MjMuMDA1WiIsInB1ciI6ImRlZmF1bHQifX0%3D--a0ef0e8f411173ae2768a834266e2ebac2f3a548
2026-09-04,Askers Pizza,12:00-13:30,"APS Projects, King's Lynn",52.74127483360416,0.41304170247137517,COLLECTION/SLOTTED,True,True,askerspizza.hatchesup.app,https://askerspizza.hatchesup.app/basket/new?r=BAhJIhxodHRwczovL2hhdGNoZXN1cC5jby51awY6BkVU--5942f19e56a10904bb3b3ddfd5089e2be2c9ba2d&st=eyJfcmFpbHMiOnsibWVzc2FnZSI6IkJBaEpJamhuYVdRNkx5OXpZMmhzWlhBdlEyOXNiR1ZqZEdsdmJrZHliM1Z3THpRMU1ETXhPVDlsZUhCcGNtVnpYMmx1UFRFNE1EQUdPZ1pGVkE9PSIsImV4cCI6IjIwMjYtMDktMDNUMjE6Mjc6MjIuODgxWiIsInB1ciI6ImRlZmF1bHQifX0%3D--1e688a55a5b40233d6ecb238e6b52cad7f95cb8a
2026-09-04,Askers Pizza,17:00-21:00,"King's Arms, 28 The Green, Shouldham PE33 0BY",52.65136924414123,0.4794484222847601,COLLECTION/SLOTTED,True,True,askerspizza.hatchesup.app,https://askerspizza.hatchesup.app/basket/new?r=BAhJIhxodHRwczovL2hhdGNoZXN1cC5jby51awY6BkVU--5942f19e56a10904bb3b3ddfd5089e2be2c9ba2d&st=eyJfcmFpbHMiOnsibWVzc2FnZSI6IkJBaEpJamhuYVdRNkx5OXpZMmhzWlhBdlEyOXNiR1ZqZEdsdmJrZHliM1Z3THpRME9UZ3pNVDlsZUhCcGNtVnpYMmx1UFRFNE1EQUdPZ1pGVkE9PSIsImV4cCI6IjIwMjYtMDktMDNUMjE6Mjc6MjIuOTA2WiIsInB1ciI6ImRlZmF1bHQifX0%3D--f28c276fea0c88814413898bdb52b83466aec2f2
2026-09-04,Azahar,12:00-14:00,"foodPark, CB1 ",52.19402493141814,0.13664233850559526,COLLECTION/SLOTTED,True,True,order.azaharartisanspanishfood.com,https://order.azaharartisanspanishfood.com/basket/new?r=BAhJIhxodHRwczovL2hhdGNoZXN1cC5jby51awY6BkVU--5942f19e56a10904bb3b3ddfd5089e2be2c9ba2d&st=eyJfcmFpbHMiOnsibWVzc2FnZSI6IkJBaEpJamhuYVdRNkx5OXpZMmhzWlhBdlEyOXNiR1ZqZEdsdmJrZHliM1Z3THpRME56Z3dOajlsZUhCcGNtVnpYMmx1UFRFNE1EQUdPZ1pGVkE9PSIsImV4cCI6IjIwMjYtMDktMDNUMjE6Mjc6MjIuNTYwWiIsInB1ciI6ImRlZmF1bHQifX0%3D--59461de8ccf55f28c7dc230ee349ece0af2e3c36
2026-09-04,Azahar,17:00-20:00,Wylde Sky Brewing Ltd.,52.0930202672624,0.2743271710824669,COLLECTION/SLOTTED,True,True,order.azaharartisanspanishfood.com,https://order.azaharartisanspanishfood.com/basket/new?r=BAhJIhxodHRwczovL2hhdGNoZXN1cC5jby51awY6BkVU--5942f19e56a10904bb3b3ddfd5089e2be2c9ba2d&st=eyJfcmFpbHMiOnsibWVzc2FnZSI6IkJBaEpJamhuYVdRNkx5OXpZMmhzWlhBdlEyOXNiR1ZqZEdsdmJrZHliM1Z3THpRME56Z3hPVDlsZUhCcGNtVnpYMmx1UFRFNE1EQUdPZ1pGVkE9PSIsImV4cCI6IjIwMjYtMDktMDNUMjE6Mjc6MjIuNTc4WiIsInB1ciI6ImRlZmF1bHQifX0%3D--501efcc582b9081bbd3de6807922dacad9d9ca5f
2026-09-04,BabTooma Express,11:00-22:00,Darley Street Market,53.79580180316677,-1.7538697554462181,COLLECTION/SLOTTED,True,True,babtooma.hatchesup.app,https://babtooma.hatchesup.app/basket/new?r=BAhJIhxodHRwczovL2hhdGNoZXN1cC5jby51awY6BkVU--5942f19e56a10904bb3b3ddfd5089e2be2c9ba2d&st=eyJfcmFpbHMiOnsibWVzc2FnZSI6IkJBaEpJamhuYVdRNkx5OXpZMmhzWlhBdlEyOXNiR1ZqZEdsdmJrZHliM1Z3THpRek1UUTNPVDlsZUhCcGNtVnpYMmx1UFRFNE1EQUdPZ1pGVkE9PSIsImV4cCI6IjIwMjYtMDktMDNUMjE6Mjc6MjMuMjg1WiIsInB1ciI6ImRlZmF1bHQifX0%3D--7f6c544a06d49710f02e967a7f49e9a063559f6f
2026-09-04,Barista Boy Coffee Co,06:30-12:00,Flitch Green,51.85865176448034,0.4140978936633681,HIDE_PRICES/COLLECTION/SLOTTED,True,True,baristaboycoffee.hatchesup.app,https://baristaboycoffee.hatchesup.app/basket/new?r=BAhJIhxodHRwczovL2hhdGNoZXN1cC5jby51awY6BkVU--5942f19e56a10904bb3b3ddfd5089e2be2c9ba2d&st=eyJfcmFpbHMiOnsibWVzc2FnZSI6IkJBaEpJamhuYVdRNkx5OXpZMmhzWlhBdlEyOXNiR1ZqZEdsdmJrZHliM1Z3THpRek5Ua3hNVDlsZUhCcGNtVnpYMmx1UFRFNE1EQUdPZ1pGVkE9PSIsImV4cCI6IjIwMjYtMDktMDNUMjE6Mjc6MjMuMzU5WiIsInB1ciI6ImRlZmF1bHQifX0%3D--9d12b2697da3da213dbba44b3959a4b02589a4cd
2026-09-04,Beardus Burger,17:00-23:30,A38 Last Exit,52.5077273307796,-1.84796201084773,COLLECTION/SLOTTED,True,True,beardusburger.hatchesup.app,https://beardusburger.hatchesup.app/basket/new?r=BAhJIhxodHRwczovL2hhdGNoZXN1cC5jby51awY6BkVU--5942f19e56a10904bb3b3ddfd5089e2be2c9ba2d&st=eyJfcmFpbHMiOnsibWVzc2FnZSI6IkJBaEpJamhuYVdRNkx5OXpZMmhzWlhBdlEyOXNiR1ZqZEdsdmJrZHliM1Z3THpRek9ETTJPRDlsZUhCcGNtVnpYMmx1UFRFNE1EQUdPZ1pGVkE9PSIsImV4cCI6IjIwMjYtMDktMDNUMjE6Mjc6MjMuMzAzWiIsInB1ciI6ImRlZmF1bHQifX0%3D--d78615e436c549fd0c6aae55b3507c4d4c41a978
2026-09-04,Between Buns Royston,12:00-21:00,"11 Kneesworth St, Royston SG8 5AA",52.04844897964053,-0.02266450723926906,COLLECTION/SLOTTED,True,True,betweenbunsroyston.hatchesup.app,https://betweenbunsroyston.hatchesup.app/basket/new?r=BAhJIhxodHRwczovL2hhdGNoZXN1cC5jby51awY6BkVU--5942f19e56a10904bb3b3ddfd5089e2be2c9ba2d&st=eyJfcmFpbHMiOnsibWVzc2FnZSI6IkJBaEpJamhuYVdRNkx5OXpZMmhzWlhBdlEyOXNiR1ZqZEdsdmJrZHliM1Z3THpRME1USTRNajlsZUhCcGNtVnpYMmx1UFRFNE1EQUdPZ1pGVkE9PSIsImV4cCI6IjIwMjYtMDktMDNUMjE6Mjc6MjIuNzAwWiIsInB1ciI6ImRlZmF1bHQifX0%3D--3c77079693a7aa1524024ace79b4c6673c52268b
2026-09-04,Buffalo Joe's,16:40-20:00,The Bull Pub - Langley Lower Green,51.9892873204198,0.09366454244122974,COLLECTION/SLOTTED,True,True,vans.buffalojoes.co.uk,https://vans.buffalojoes.co.uk/basket/new?r=BAhJIhxodHRwczovL2hhdGNoZXN1cC5jby51awY6BkVU--5942f19e56a10904bb3b3ddfd5089e2be2c9ba2d&st=eyJfcmFpbHMiOnsibWVzc2FnZSI6IkJBaEpJamhuYVdRNkx5OXpZMmhzWlhBdlEyOXNiR1ZqZEdsdmJrZHliM1Z3THpRME1UUTVPRDlsZUhCcGNtVnpYMmx1UFRFNE1EQUdPZ1pGVkE9PSIsImV4cCI6IjIwMjYtMDktMDNUMjE6Mjc6MjIuNTk1WiIsInB1ciI6ImRlZmF1bHQifX0%3D--c420508c43e5aac9c9519a0b638ea2e75b227df8
2026-09-04,Build A Burga,16:00-21:00,"Stone Street Square, Dudley",52.51057404602015,-2.083067778492502,COLLECTION/SLOTTED,True,True,buildaburga.hatchesup.app,https://buildaburga.hatchesup.app/basket/new?r=BAhJIhxodHRwczovL2hhdGNoZXN1cC5jby51awY6BkVU--5942f19e56a10904bb3b3ddfd5089e2be2c9ba2d&st=eyJfcmFpbHMiOnsibWVzc2FnZSI6IkJBaEpJamhuYVdRNkx5OXpZMmhzWlhBdlEyOXNiR1ZqZEdsdmJrZHliM1Z3THpReU5UazROajlsZUhCcGNtVnpYMmx1UFRFNE1EQUdPZ1pGVkE9PSIsImV4cCI6IjIwMjYtMDktMDNUMjE6Mjc6MjMuNDgxWiIsInB1ciI6ImRlZmF1bHQifX0%3D--1598110157259263855bffb2fa399300a065efc8
2026-09-04,Carne Street Food,12:00-20:00,"Canopy Market, Kings Cross",51.535193321521476,-0.12237411292197707,HIDE_PRICES/COLLECTION/SLOTTED,True,True,carnestreetfood.hatchesup.app,https://carnestreetfood.hatchesup.app/basket/new?r=BAhJIhxodHRwczovL2hhdGNoZXN1cC5jby51awY6BkVU--5942f19e56a10904bb3b3ddfd5089e2be2c9ba2d&st=eyJfcmFpbHMiOnsibWVzc2FnZSI6IkJBaEpJamhuYVdRNkx5OXpZMmhzWlhBdlEyOXNiR1ZqZEdsdmJrZHliM1Z3THpRMU1qazNPRDlsZUhCcGNtVnpYMmx1UFRFNE1EQUdPZ1pGVkE9PSIsImV4cCI6IjIwMjYtMDktMDNUMjE6Mjc6MjMuMTUwWiIsInB1ciI6ImRlZmF1bHQifX0%3D--c040d366dfe12b98e44068a673018e62f072770e
2026-09-04,Charlie's Chippy,16:45-20:00,"Londis, Much Hadham",51.848252598917455,0.0724452295358337,HIDE_PRICES/COLLECTION/SLOTTED,True,True,charlieschippy.hatchesup.app,https://charlieschippy.hatchesup.app/basket/new?r=BAhJIhxodHRwczovL2hhdGNoZXN1cC5jby51awY6BkVU--5942f19e56a10904bb3b3ddfd5089e2be2c9ba2d&st=eyJfcmFpbHMiOnsibWVzc2FnZSI6IkJBaEpJamhuYVdRNkx5OXpZMmhzWlhBdlEyOXNiR1ZqZEdsdmJrZHliM1Z3THpRME9UZzJNejlsZUhCcGNtVnpYMmx1UFRFNE1EQUdPZ1pGVkE9PSIsImV4cCI6IjIwMjYtMDktMDNUMjE6Mjc6MjIuODYzWiIsInB1ciI6ImRlZmF1bHQifX0%3D--225239ff15a04e30da245fab1c368afe79c62406
2026-09-04,Clumsies,17:30-21:00,Mrs Salisburys Carpark,51.77840151464219,0.6756063178461756,COLLECTION/SLOTTED,True,True,clumsies.hatchesup.app,https://clumsies.hatchesup.app/basket/new?r=BAhJIhxodHRwczovL2hhdGNoZXN1cC5jby51awY6BkVU--5942f19e56a10904bb3b3ddfd5089e2be2c9ba2d&st=eyJfcmFpbHMiOnsibWVzc2FnZSI6IkJBaEpJamhuYVdRNkx5OXpZMmhzWlhBdlEyOXNiR1ZqZEdsdmJrZHliM1Z3THpRek5UQXpOejlsZUhCcGNtVnpYMmx1UFRFNE1EQUdPZ1pGVkE9PSIsImV4cCI6IjIwMjYtMDktMDNUMjE6Mjc6MjMuMDE4WiIsInB1ciI6ImRlZmF1bHQifX0%3D--2e74c296619a73eb9ab106176834a708dac03430
2026-09-04,Crumbelievable,10:00-16:00,Cambridge Market,52.204354893557664,0.12093118957473957,HIDE_PRICES/COLLECTION/SLOTTED,True,True,crumbelievable.hatchesup.app,https://crumbelievable.hatchesup.app/basket/new?r=BAhJIhxodHRwczovL2hhdGNoZXN1cC5jby51awY6BkVU--5942f19e56a10904bb3b3ddfd5089e2be2c9ba2d&st=eyJfcmFpbHMiOnsibWVzc2FnZSI6IkJBaEpJamhuYVdRNkx5OXpZMmhzWlhBdlEyOXNiR1ZqZEdsdmJrZHliM1Z3THpRek9UVTNOVDlsZUhCcGNtVnpYMmx1UFRFNE1EQUdPZ1pGVkE9PSIsImV4cCI6IjIwMjYtMDktMDNUMjE6Mjc6MjMuNTMwWiIsInB1ciI6ImRlZmF1bHQifX0%3D--887260df27f761ea535ef871aa5bff0c03112de9
2026-09-04,Dirty Fryer Boys,17:00-20:00,"The Globe, Shotesham",52.546311490126584,1.311051442129282,COLLECTION/SLOTTED,True,True,dirtyfryerboys.hatchesup.app,https://dirtyfryerboys.hatchesup.app/basket/new?r=BAhJIhxodHRwczovL2hhdGNoZXN1cC5jby51awY6BkVU--5942f19e56a10904bb3b3ddfd5089e2be2c9ba2d&st=eyJfcmFpbHMiOnsibWVzc2FnZSI6IkJBaEpJamhuYVdRNkx5OXpZMmhzWlhBdlEyOXNiR1ZqZEdsdmJrZHliM1Z3THpRMU1ERTROejlsZUhCcGNtVnpYMmx1UFRFNE1EQUdPZ1pGVkE9PSIsImV4cCI6IjIwMjYtMDktMDNUMjE6Mjc6MjMuMTMwWiIsInB1ciI6ImRlZmF1bHQifX0%3D--6e876a649fbbc90211fb0c2437b912894cf47cd9
2026-09-04,East Coast Pizza Company,17:00-20:00,"Kings Head, The Turnpike, Norwich Road, Ashwellthorpe NR16 1EL",52.53045953230665,1.1820874562137413,COLLECTION/SLOTTED,True,True,eastcoastpizzacompany.hatchesup.app,https://eastcoastpizzacompany.hatchesup.app/basket/new?r=BAhJIhxodHRwczovL2hhdGNoZXN1cC5jby51awY6BkVU--5942f19e56a10904bb3b3ddfd5089e2be2c9ba2d&st=eyJfcmFpbHMiOnsibWVzc2FnZSI6IkJBaEpJamhuYVdRNkx5OXpZMmhzWlhBdlEyOXNiR1ZqZEdsdmJrZHliM1Z3THpRME9UUTBNajlsZUhCcGNtVnpYMmx1UFRFNE1EQUdPZ1pGVkE9PSIsImV4cCI6IjIwMjYtMDktMDNUMjE6Mjc6MjIuNzgxWiIsInB1ciI6ImRlZmF1bHQifX0%3D--f5b5327df9994a766b5582c4d31fc8275fa5198a
2026-09-04,Goldee's Bagels,10:00-16:00,"Shambles Market, York",53.959698327489846,-1.078798749143823,COLLECTION/SLOTTED,True,True,goldeesbagels.hatchesup.app,https://goldeesbagels.hatchesup.app/basket/new?r=BAhJIhxodHRwczovL2hhdGNoZXN1cC5jby51awY6BkVU--5942f19e56a10904bb3b3ddfd5089e2be2c9ba2d&st=eyJfcmFpbHMiOnsibWVzc2FnZSI6IkJBaEpJamhuYVdRNkx5OXpZMmhzWlhBdlEyOXNiR1ZqZEdsdmJrZHliM1Z3THpRMU1UQXhPRDlsZUhCcGNtVnpYMmx1UFRFNE1EQUdPZ1pGVkE9PSIsImV4cCI6IjIwMjYtMDktMDNUMjE6Mjc6MjMuNDA4WiIsInB1ciI6ImRlZmF1bHQifX0%3D--31e7b85968913d823e3fa2c534fb6ff1b54bad18
2026-09-04,Green Choy,12:00-23:45,"Green Choy, Maison Noor, Ilford",51.55782355880592,0.0749974233762525,COLLECTION/SLOTTED,True,True,greenchoykorean.hatchesup.app,https://greenchoykorean.hatchesup.app/basket/new?r=BAhJIhxodHRwczovL2hhdGNoZXN1cC5jby51awY6BkVU--5942f19e56a10904bb3b3ddfd5089e2be2c9ba2d&st=eyJfcmFpbHMiOnsibWVzc2FnZSI6IkJBaEpJamhuYVdRNkx5OXpZMmhzWlhBdlEyOXNiR1ZqZEdsdmJrZHliM1Z3THpReU56RTNNRDlsZUhCcGNtVnpYMmx1UFRFNE1EQUdPZ1pGVkE9PSIsImV4cCI6IjIwMjYtMDktMDNUMjE6Mjc6MjMuNDU4WiIsInB1ciI6ImRlZmF1bHQifX0%3D--580e6dbac782e84811fdaf6fbb814e379ba329c4
2026-09-04,Green Choy,12:00-23:45,"Green Choy, Mercato Metropolitano Elephant & Castle",51.49794316477026,-0.09678774963472865,COLLECTION/SLOTTED,True,True,greenchoykorean.hatchesup.app,https://greenchoykorean.hatchesup.app/basket/new?r=BAhJIhxodHRwczovL2hhdGNoZXN1cC5jby51awY6BkVU--5942f19e56a10904bb3b3ddfd5089e2be2c9ba2d&st=eyJfcmFpbHMiOnsibWVzc2FnZSI6IkJBaEpJamhuYVdRNkx5OXpZMmhzWlhBdlEyOXNiR1ZqZEdsdmJrZHliM1Z3THpReU9EVXhOajlsZUhCcGNtVnpYMmx1UFRFNE1EQUdPZ1pGVkE9PSIsImV4cCI6IjIwMjYtMDktMDNUMjE6Mjc6MjMuNDY5WiIsInB1ciI6ImRlZmF1bHQifX0%3D--5ef0056931c067a05bc6184e504b6056e2127bf7
2026-09-04,Green Choy,12:00-22:00,"Green Choy, Tooting Market",51.428510940283644,-0.16494930778979333,COLLECTION/SLOTTED,True,True,greenchoykorean.hatchesup.app,https://greenchoykorean.hatchesup.app/basket/new?r=BAhJIhxodHRwczovL2hhdGNoZXN1cC5jby51awY6BkVU--5942f19e56a10904bb3b3ddfd5089e2be2c9ba2d&st=eyJfcmFpbHMiOnsibWVzc2FnZSI6IkJBaEpJamhuYVdRNkx5OXpZMmhzWlhBdlEyOXNiR1ZqZEdsdmJrZHliM1Z3THpReU5UY3pPVDlsZUhCcGNtVnpYMmx1UFRFNE1EQUdPZ1pGVkE9PSIsImV4cCI6IjIwMjYtMDktMDNUMjE6Mjc6MjMuNDQ2WiIsInB1ciI6ImRlZmF1bHQifX0%3D--bdfa70bba70abb776d92cd3d0cfc7abe9b6e9c7d
2026-09-04,Gurkha Street Food,17:30-21:00,"Fritwell Food Festival, Fritwell Village Hall, Fewcott Road, Fritwell OX27 7QA",51.95847217956635,-1.2303981345395592,COLLECTION/SLOTTED,True,True,gurkhastreetfood.hatchesup.app,https://gurkhastreetfood.hatchesup.app/basket/new?r=BAhJIhxodHRwczovL2hhdGNoZXN1cC5jby51awY6BkVU--5942f19e56a10904bb3b3ddfd5089e2be2c9ba2d&st=eyJfcmFpbHMiOnsibWVzc2FnZSI6IkJBaEpJamhuYVdRNkx5OXpZMmhzWlhBdlEyOXNiR1ZqZEdsdmJrZHliM1Z3THpRMU1EZ3hOejlsZUhCcGNtVnpYMmx1UFRFNE1EQUdPZ1pGVkE9PSIsImV4cCI6IjIwMjYtMDktMDNUMjE6Mjc6MjMuMDg1WiIsInB1ciI6ImRlZmF1bHQifX0%3D--e23ce390c012333c3559558762ede15f13512dc1
2026-09-04,Hot Bird,12:00-20:30,Market Place Hounslow,51.46735843192258,-0.36387034285270703,COLLECTION/SLOTTED,True,True,hotbird.hatchesup.app,https://hotbird.hatchesup.app/basket/new?r=BAhJIhxodHRwczovL2hhdGNoZXN1cC5jby51awY6BkVU--5942f19e56a10904bb3b3ddfd5089e2be2c9ba2d&st=eyJfcmFpbHMiOnsibWVzc2FnZSI6IkJBaEpJamhuYVdRNkx5OXpZMmhzWlhBdlEyOXNiR1ZqZEdsdmJrZHliM1Z3THpReU16Y3lOajlsZUhCcGNtVnpYMmx1UFRFNE1EQUdPZ1pGVkE9PSIsImV4cCI6IjIwMjYtMDktMDNUMjE6Mjc6MjMuNTAyWiIsInB1ciI6ImRlZmF1bHQifX0%3D--e8add67a45e9c86de82a0f4d3e14c5f354741e8f
2026-09-04,Kaya Thai Street Food,11:00-20:00,"Love Lane Food Theatre, Nantwich Food Festival, Nantwich CW5 5DG",53.06791771394208,-2.519207164780602,HIDE_PRICES/COLLECTION/SLOTTED,True,True,kayathai.hatchesup.app,https://kayathai.hatchesup.app/basket/new?r=BAhJIhxodHRwczovL2hhdGNoZXN1cC5jby51awY6BkVU--5942f19e56a10904bb3b3ddfd5089e2be2c9ba2d&st=eyJfcmFpbHMiOnsibWVzc2FnZSI6IkJBaEpJamhuYVdRNkx5OXpZMmhzWlhBdlEyOXNiR1ZqZEdsdmJrZHliM1Z3THpRME9URTFOVDlsZUhCcGNtVnpYMmx1UFRFNE1EQUdPZ1pGVkE9PSIsImV4cCI6IjIwMjYtMDktMDNUMjE6Mjc6MjMuMzg2WiIsInB1ciI6ImRlZmF1bHQifX0%3D--cad2cd3f1a9edbc5b3c75a6914e0c319226b138a
2026-09-04,Kerbside Kitchen,08:00-14:30,"Kerbside Kitchen, North Walsham",52.828029860188224,1.3825721825186381,HIDE_PRICES/COLLECTION/SLOTTED,True,True,kerbsidekitchen.hatchesup.app,https://kerbsidekitchen.hatchesup.app/basket/new?r=BAhJIhxodHRwczovL2hhdGNoZXN1cC5jby51awY6BkVU--5942f19e56a10904bb3b3ddfd5089e2be2c9ba2d&st=eyJfcmFpbHMiOnsibWVzc2FnZSI6IkJBaEpJamhuYVdRNkx5OXpZMmhzWlhBdlEyOXNiR1ZqZEdsdmJrZHliM1Z3THpReU1qQTJOajlsZUhCcGNtVnpYMmx1UFRFNE1EQUdPZ1pGVkE9PSIsImV4cCI6IjIwMjYtMDktMDNUMjE6Mjc6MjIuOTYwWiIsInB1ciI6ImRlZmF1bHQifX0%3D--9060d9cfb138248ff91f80d9d3bfec80bc672bc3
2026-09-04,Kerbside Kitchen,17:30-20:30,"Kerbside Kitchen, North Walsham",52.828029860188224,1.3825721825186381,HIDE_PRICES/COLLECTION/SLOTTED,True,True,kerbsidekitchen.hatchesup.app,https://kerbsidekitchen.hatchesup.app/basket/new?r=BAhJIhxodHRwczovL2hhdGNoZXN1cC5jby51awY6BkVU--5942f19e56a10904bb3b3ddfd5089e2be2c9ba2d&st=eyJfcmFpbHMiOnsibWVzc2FnZSI6IkJBaEpJamhuYVdRNkx5OXpZMmhzWlhBdlEyOXNiR1ZqZEdsdmJrZHliM1Z3THpReU1qRTBOajlsZUhCcGNtVnpYMmx1UFRFNE1EQUdPZ1pGVkE9PSIsImV4cCI6IjIwMjYtMDktMDNUMjE6Mjc6MjIuOTc0WiIsInB1ciI6ImRlZmF1bHQifX0%3D--db83548de4a6ce6476da3c06c3120b0b966211a3
2026-09-04,Kerbside Kitchen,11:00-20:45,"Kerbside Kitchen, Cromer",52.93141941204113,1.3012480345261939,HIDE_PRICES/COLLECTION/SLOTTED,True,True,kerbsidekitchen.hatchesup.app,https://kerbsidekitchen.hatchesup.app/basket/new?r=BAhJIhxodHRwczovL2hhdGNoZXN1cC5jby51awY6BkVU--5942f19e56a10904bb3b3ddfd5089e2be2c9ba2d&st=eyJfcmFpbHMiOnsibWVzc2FnZSI6IkJBaEpJamhuYVdRNkx5OXpZMmhzWlhBdlEyOXNiR1ZqZEdsdmJrZHliM1Z3THpReU1qZzBOajlsZUhCcGNtVnpYMmx1UFRFNE1EQUdPZ1pGVkE9PSIsImV4cCI6IjIwMjYtMDktMDNUMjE6Mjc6MjIuOTg3WiIsInB1ciI6ImRlZmF1bHQifX0%3D--893a97234ffc686590863c55be0c63b6ccf5cf3a
2026-09-04,Kushi London,11:30-18:00,Old Spitalfields Market,51.51929141182023,-0.07404331134372141,HIDE_PRICES/COLLECTION/SLOTTED,True,True,kushilondon.hatchesup.app,https://kushilondon.hatchesup.app/basket/new?r=BAhJIhxodHRwczovL2hhdGNoZXN1cC5jby51awY6BkVU--5942f19e56a10904bb3b3ddfd5089e2be2c9ba2d&st=eyJfcmFpbHMiOnsibWVzc2FnZSI6IkJBaEpJamhuYVdRNkx5OXpZMmhzWlhBdlEyOXNiR1ZqZEdsdmJrZHliM1Z3THpReU5EY3lOajlsZUhCcGNtVnpYMmx1UFRFNE1EQUdPZ1pGVkE9PSIsImV4cCI6IjIwMjYtMDktMDNUMjE6Mjc6MjMuNTE2WiIsInB1ciI6ImRlZmF1bHQifX0%3D--4a49bb5679a9403bb1c3df352f3bb7e15d4b8193
2026-09-04,La Biga Pizzeria,16:30-20:30,Haslingfield Village Hall,52.149413607108926,0.059213706348509296,HIDE_PRICES/COLLECTION/SLOTTED,True,True,labiga.hatchesup.app,https://labiga.hatchesup.app/basket/new?r=BAhJIhxodHRwczovL2hhdGNoZXN1cC5jby51awY6BkVU--5942f19e56a10904bb3b3ddfd5089e2be2c9ba2d&st=eyJfcmFpbHMiOnsibWVzc2FnZSI6IkJBaEpJamhuYVdRNkx5OXpZMmhzWlhBdlEyOXNiR1ZqZEdsdmJrZHliM1Z3THpRME9Ua3pNajlsZUhCcGNtVnpYMmx1UFRFNE1EQUdPZ1pGVkE9PSIsImV4cCI6IjIwMjYtMDktMDNUMjE6Mjc6MjIuNzYwWiIsInB1ciI6ImRlZmF1bHQifX0%3D--079c4ead2c65075bb97845528e49c884d25744c5
2026-09-04,Ling Ling's Steam Kitchen,11:45-14:00,"Mill Park Road, Cambridge",52.19301121299365,0.13607809634170992,COLLECTION/SLOTTED,True,True,linglingssteamkitchen.hatchesup.app,https://linglingssteamkitchen.hatchesup.app/basket/new?r=BAhJIhxodHRwczovL2hhdGNoZXN1cC5jby51awY6BkVU--5942f19e56a10904bb3b3ddfd5089e2be2c9ba2d&st=eyJfcmFpbHMiOnsibWVzc2FnZSI6IkJBaEpJamhuYVdRNkx5OXpZMmhzWlhBdlEyOXNiR1ZqZEdsdmJrZHliM1Z3THpRek5UWXpORDlsZUhCcGNtVnpYMmx1UFRFNE1EQUdPZ1pGVkE9PSIsImV4cCI6IjIwMjYtMDktMDNUMjE6Mjc6MjMuMTE2WiIsInB1ciI6ImRlZmF1bHQifX0%3D--bdee1c2a20732790e9f179e1152770c95be65c51
2026-09-04,Meat Point,11:00-18:00,Camden Stables Market,51.541831129005246,-0.14615824301484093,HIDE_PRICES/COLLECTION/SLOTTED,True,True,meatpoint.hatchesup.app,https://meatpoint.hatchesup.app/basket/new?r=BAhJIhxodHRwczovL2hhdGNoZXN1cC5jby51awY6BkVU--5942f19e56a10904bb3b3ddfd5089e2be2c9ba2d&st=eyJfcmFpbHMiOnsibWVzc2FnZSI6IkJBaEpJamhuYVdRNkx5OXpZMmhzWlhBdlEyOXNiR1ZqZEdsdmJrZHliM1Z3THpReE9EZ3lPRDlsZUhCcGNtVnpYMmx1UFRFNE1EQUdPZ1pGVkE9PSIsImV4cCI6IjIwMjYtMDktMDNUMjE6Mjc6MjMuNDkyWiIsInB1ciI6ImRlZmF1bHQifX0%3D--6497a2ffadfd4b17a44464319c93bde3aa74d345
2026-09-04,Miam Miam Bakes,10:00-16:00,"The Glass Pod, Broad Street, King's Lynn PE30 1DP",52.75403780600519,0.39919241514598375,HIDE_PRICES/COLLECTION/SLOTTED,True,True,miammiambakes.hatchesup.app,https://miammiambakes.hatchesup.app/basket/new?r=BAhJIhxodHRwczovL2hhdGNoZXN1cC5jby51awY6BkVU--5942f19e56a10904bb3b3ddfd5089e2be2c9ba2d&st=eyJfcmFpbHMiOnsibWVzc2FnZSI6IkJBaEpJamhuYVdRNkx5OXpZMmhzWlhBdlEyOXNiR1ZqZEdsdmJrZHliM1Z3THpRek5qUTVPRDlsZUhCcGNtVnpYMmx1UFRFNE1EQUdPZ1pGVkE9PSIsImV4cCI6IjIwMjYtMDktMDNUMjE6Mjc6MjMuNTUxWiIsInB1ciI6ImRlZmF1bHQifX0%3D--7700069d1bd3baefaecb8560ac35a41dcff0e191
2026-09-04,Morty's Focacceria,12:00-21:00,White Cloth Hall,53.795311961038614,-1.5389447023425797,COLLECTION/SLOTTED,True,True,mortys.hatchesup.app,https://mortys.hatchesup.app/basket/new?r=BAhJIhxodHRwczovL2hhdGNoZXN1cC5jby51awY6BkVU--5942f19e56a10904bb3b3ddfd5089e2be2c9ba2d&st=eyJfcmFpbHMiOnsibWVzc2FnZSI6IkJBaEpJamhuYVdRNkx5OXpZMmhzWlhBdlEyOXNiR1ZqZEdsdmJrZHliM1Z3THpReU5URXhNRDlsZUhCcGNtVnpYMmx1UFRFNE1EQUdPZ1pGVkE9PSIsImV4cCI6IjIwMjYtMDktMDNUMjE6Mjc6MjMuMzE3WiIsInB1ciI6ImRlZmF1bHQifX0%3D--2bf68efc6c1e3528909af0b43fe412f13f7f7410
2026-09-04,My Thai Chef,17:00-20:00,"The Lion, Stoke by Clare",52.06246189235598,0.540511090706254,COLLECTION/SLOTTED,True,True,mythaichef.hatchesup.app,https://mythaichef.hatchesup.app/basket/new?r=BAhJIhxodHRwczovL2hhdGNoZXN1cC5jby51awY6BkVU--5942f19e56a10904bb3b3ddfd5089e2be2c9ba2d&st=eyJfcmFpbHMiOnsibWVzc2FnZSI6IkJBaEpJamhuYVdRNkx5OXpZMmhzWlhBdlEyOXNiR1ZqZEdsdmJrZHliM1Z3THpRMU1ESXlORDlsZUhCcGNtVnpYMmx1UFRFNE1EQUdPZ1pGVkE9PSIsImV4cCI6IjIwMjYtMDktMDNUMjE6Mjc6MjIuOTQyWiIsInB1ciI6ImRlZmF1bHQifX0%3D--1f2b7f6ace3065c977698f41f208b4ea61d6a88c
2026-09-04,Nomadough,16:45-20:00,Northstowe ,52.28845940243675,0.05033271399122403,COLLECTION/SLOTTED,True,True,order.nomadough.co.uk,https://order.nomadough.co.uk/basket/new?r=BAhJIhxodHRwczovL2hhdGNoZXN1cC5jby51awY6BkVU--5942f19e56a10904bb3b3ddfd5089e2be2c9ba2d&st=eyJfcmFpbHMiOnsibWVzc2FnZSI6IkJBaEpJamhuYVdRNkx5OXpZMmhzWlhBdlEyOXNiR1ZqZEdsdmJrZHliM1Z3THpRME9EQTFOejlsZUhCcGNtVnpYMmx1UFRFNE1EQUdPZ1pGVkE9PSIsImV4cCI6IjIwMjYtMDktMDNUMjE6Mjc6MjIuNjUyWiIsInB1ciI6ImRlZmF1bHQifX0%3D--033f07fc55a5d3081c3eed46eaaa76fd684ee8c4
2026-09-04,Nomadough,11:45-14:00,foodPark CB1 Station Road,52.19392288513487,0.13662505745961084,COLLECTION/SLOTTED,True,True,order.nomadough.co.uk,https://order.nomadough.co.uk/basket/new?r=BAhJIhxodHRwczovL2hhdGNoZXN1cC5jby51awY6BkVU--5942f19e56a10904bb3b3ddfd5089e2be2c9ba2d&st=eyJfcmFpbHMiOnsibWVzc2FnZSI6IkJBaEpJamhuYVdRNkx5OXpZMmhzWlhBdlEyOXNiR1ZqZEdsdmJrZHliM1Z3THpRME56ZzBPRDlsZUhCcGNtVnpYMmx1UFRFNE1EQUdPZ1pGVkE9PSIsImV4cCI6IjIwMjYtMDktMDNUMjE6Mjc6MjIuNjY2WiIsInB1ciI6ImRlZmF1bHQifX0%3D--a5b1220f0da167b8bb9994e363c4df51a715a961
2026-09-04,Optio Pizza,17:00-20:00,The Three Pigeons,51.939847449792154,0.6281556286011778,COLLECTION/SLOTTED,True,True,optiopizza.hatchesup.app,https://optiopizza.hatchesup.app/basket/new?r=BAhJIhxodHRwczovL2hhdGNoZXN1cC5jby51awY6BkVU--5942f19e56a10904bb3b3ddfd5089e2be2c9ba2d&st=eyJfcmFpbHMiOnsibWVzc2FnZSI6IkJBaEpJamhuYVdRNkx5OXpZMmhzWlhBdlEyOXNiR1ZqZEdsdmJrZHliM1Z3THpRME9EWXhPRDlsZUhCcGNtVnpYMmx1UFRFNE1EQUdPZ1pGVkE9PSIsImV4cCI6IjIwMjYtMDktMDNUMjE6Mjc6MjIuNzIzWiIsInB1ciI6ImRlZmF1bHQifX0%3D--b6c8329b27851685396afd9f14ab258bcb15361a
2026-09-04,Phil's Pizza,17:00-21:00,York House Centre (Eat Street MK),52.054163616840405,-0.8467610595182643,COLLECTION/SLOTTED,True,True,philspizzeria.hatchesup.app,https://philspizzeria.hatchesup.app/basket/new?r=BAhJIhxodHRwczovL2hhdGNoZXN1cC5jby51awY6BkVU--5942f19e56a10904bb3b3ddfd5089e2be2c9ba2d&st=eyJfcmFpbHMiOnsibWVzc2FnZSI6IkJBaEpJamhuYVdRNkx5OXpZMmhzWlhBdlEyOXNiR1ZqZEdsdmJrZHliM1Z3THpRME9EWXpNVDlsZUhCcGNtVnpYMmx1UFRFNE1EQUdPZ1pGVkE9PSIsImV4cCI6IjIwMjYtMDktMDNUMjE6Mjc6MjIuODAyWiIsInB1ciI6ImRlZmF1bHQifX0%3D--7a048da11977ee50ef7aa3460b953f59b35c25ff
2026-09-04,Pigcassos,11:45-13:45,FoodPark - Biomedical Campus Cambridge,52.17397871147588,0.13433609389366552,COLLECTION/SLOTTED,True,True,order.pigcassoscatering.co.uk,https://order.pigcassoscatering.co.uk/basket/new?r=BAhJIhxodHRwczovL2hhdGNoZXN1cC5jby51awY6BkVU--5942f19e56a10904bb3b3ddfd5089e2be2c9ba2d&st=eyJfcmFpbHMiOnsibWVzc2FnZSI6IkJBaEpJamhuYVdRNkx5OXpZMmhzWlhBdlEyOXNiR1ZqZEdsdmJrZHliM1Z3THpRME9EQXpOVDlsZUhCcGNtVnpYMmx1UFRFNE1EQUdPZ1pGVkE9PSIsImV4cCI6IjIwMjYtMDktMDNUMjE6Mjc6MjIuNjM1WiIsInB1ciI6ImRlZmF1bHQifX0%3D--1fc7be232441ca132c2d59d95e831b116640fa75
2026-09-04,Pimp My Fish,11:45-13:45,foodPark at The Green & The Gardens ,52.17364729414041,0.13432903187018042,COLLECTION/SLOTTED,True,True,order.pimp-my-fish.co.uk,https://order.pimp-my-fish.co.uk/basket/new?r=BAhJIhxodHRwczovL2hhdGNoZXN1cC5jby51awY6BkVU--5942f19e56a10904bb3b3ddfd5089e2be2c9ba2d&st=eyJfcmFpbHMiOnsibWVzc2FnZSI6IkJBaEpJamhuYVdRNkx5OXpZMmhzWlhBdlEyOXNiR1ZqZEdsdmJrZHliM1Z3THpRME9ESXpPRDlsZUhCcGNtVnpYMmx1UFRFNE1EQUdPZ1pGVkE9PSIsImV4cCI6IjIwMjYtMDktMDNUMjE6Mjc6MjIuNDkxWiIsInB1ciI6ImRlZmF1bHQifX0%3D--6e2925b10ab7a58f8b4d4aeeb499b437b4d52a6b
2026-09-04,Pimp My Fish,16:45-19:45,Alconbury Weald,52.36996243516159,-0.23173017558450895,COLLECTION/SLOTTED,True,True,order.pimp-my-fish.co.uk,https://order.pimp-my-fish.co.uk/basket/new?r=BAhJIhxodHRwczovL2hhdGNoZXN1cC5jby51awY6BkVU--5942f19e56a10904bb3b3ddfd5089e2be2c9ba2d&st=eyJfcmFpbHMiOnsibWVzc2FnZSI6IkJBaEpJamhuYVdRNkx5OXpZMmhzWlhBdlEyOXNiR1ZqZEdsdmJrZHliM1Z3THpRME9ESTJNVDlsZUhCcGNtVnpYMmx1UFRFNE1EQUdPZ1pGVkE9PSIsImV4cCI6IjIwMjYtMDktMDNUMjE6Mjc6MjIuNTA1WiIsInB1ciI6ImRlZmF1bHQifX0%3D--1a6f79b12fa8f734409636b1c368c9678e8ad5cb
2026-09-04,Pizza Lola,16:30-20:00,"Baweja Superstore, Great Shefford",51.476339285669,-1.441964074457615,COLLECTION/SLOTTED,True,True,pizzalola.hatchesup.app,https://pizzalola.hatchesup.app/basket/new?r=BAhJIhxodHRwczovL2hhdGNoZXN1cC5jby51awY6BkVU--5942f19e56a10904bb3b3ddfd5089e2be2c9ba2d&st=eyJfcmFpbHMiOnsibWVzc2FnZSI6IkJBaEpJamhuYVdRNkx5OXpZMmhzWlhBdlEyOXNiR1ZqZEdsdmJrZHliM1Z3THpRMU1ETTFORDlsZUhCcGNtVnpYMmx1UFRFNE1EQUdPZ1pGVkE9PSIsImV4cCI6IjIwMjYtMDktMDNUMjE6Mjc6MjIuNzQ0WiIsInB1ciI6ImRlZmF1bHQifX0%3D--e24eaaf44844b3394eb67612163cae5e6f0874ac
2026-09-04,Pizza Mondo,16:45-20:00,"The King Bill, Histon",52.254877368625245,0.10413089427083833,COLLECTION/SLOTTED,True,True,order.pizza-mondo.co.uk,https://order.pizza-mondo.co.uk/basket/new?r=BAhJIhxodHRwczovL2hhdGNoZXN1cC5jby51awY6BkVU--5942f19e56a10904bb3b3ddfd5089e2be2c9ba2d&st=eyJfcmFpbHMiOnsibWVzc2FnZSI6IkJBaEpJamhuYVdRNkx5OXpZMmhzWlhBdlEyOXNiR1ZqZEdsdmJrZHliM1Z3THpRME9ERTFORDlsZUhCcGNtVnpYMmx1UFRFNE1EQUdPZ1pGVkE9PSIsImV4cCI6IjIwMjYtMDktMDNUMjE6Mjc6MjIuNTMzWiIsInB1ciI6ImRlZmF1bHQifX0%3D--735403c9a118d0537f94aaf6caafd242bf660c57
2026-09-04,Pizza Mondo,16:45-20:00,"Off The Beaten Truck, Wintringham ",52.226016580854754,-0.2461407423281193,COLLECTION/SLOTTED,True,True,order.pizza-mondo.co.uk,https://order.pizza-mondo.co.uk/basket/new?r=BAhJIhxodHRwczovL2hhdGNoZXN1cC5jby51awY6BkVU--5942f19e56a10904bb3b3ddfd5089e2be2c9ba2d&st=eyJfcmFpbHMiOnsibWVzc2FnZSI6IkJBaEpJamhuYVdRNkx5OXpZMmhzWlhBdlEyOXNiR1ZqZEdsdmJrZHliM1Z3THpRME9ERTVOajlsZUhCcGNtVnpYMmx1UFRFNE1EQUdPZ1pGVkE9PSIsImV4cCI6IjIwMjYtMDktMDNUMjE6Mjc6MjIuNTQ4WiIsInB1ciI6ImRlZmF1bHQifX0%3D--8e07408d93af0328efb0a91e0fe74aced52815c5
2026-09-04,Pizzeria Gusto,17:00-20:00,Stambourne Village Hall,52.01974871092831,0.5099686079455156,HIDE_PRICES/COLLECTION/SLOTTED,True,True,pizzeriagusto.hatchesup.app,https://pizzeriagusto.hatchesup.app/basket/new?r=BAhJIhxodHRwczovL2hhdGNoZXN1cC5jby51awY6BkVU--5942f19e56a10904bb3b3ddfd5089e2be2c9ba2d&st=eyJfcmFpbHMiOnsibWVzc2FnZSI6IkJBaEpJamhuYVdRNkx5OXpZMmhzWlhBdlEyOXNiR1ZqZEdsdmJrZHliM1Z3THpRMU1ETXlOajlsZUhCcGNtVnpYMmx1UFRFNE1EQUdPZ1pGVkE9PSIsImV4cCI6IjIwMjYtMDktMDNUMjE6Mjc6MjIuODQyWiIsInB1ciI6ImRlZmF1bHQifX0%3D--13f39a16ac53cebf0a2573c332d4b51a844952f6
2026-09-04,Prad Thai,12:00-22:00,Pop Brixton,51.46280428680355,-0.11008543951499557,COLLECTION/SLOTTED,True,True,pradthai.hatchesup.app,https://pradthai.hatchesup.app/basket/new?r=BAhJIhxodHRwczovL2hhdGNoZXN1cC5jby51awY6BkVU--5942f19e56a10904bb3b3ddfd5089e2be2c9ba2d&st=eyJfcmFpbHMiOnsibWVzc2FnZSI6IkJBaEpJamhuYVdRNkx5OXpZMmhzWlhBdlEyOXNiR1ZqZEdsdmJrZHliM1Z3THpRMU1USTRNVDlsZUhCcGNtVnpYMmx1UFRFNE1EQUdPZ1pGVkE9PSIsImV4cCI6IjIwMjYtMDktMDNUMjE6Mjc6MjMuNDM0WiIsInB1ciI6ImRlZmF1bHQifX0%3D--8a3fe43e1844f9112aba59302ca673f4124aa9b2
2026-09-04,Rice Kitchen,11:00-16:30,"Grainger Market, Newcastle",54.973516097821616,-1.6109636541030607,COLLECTION/SLOTTED,True,True,ricekitchenncl.hatchesup.app,https://ricekitchenncl.hatchesup.app/basket/new?r=BAhJIhxodHRwczovL2hhdGNoZXN1cC5jby51awY6BkVU--5942f19e56a10904bb3b3ddfd5089e2be2c9ba2d&st=eyJfcmFpbHMiOnsibWVzc2FnZSI6IkJBaEpJamhuYVdRNkx5OXpZMmhzWlhBdlEyOXNiR1ZqZEdsdmJrZHliM1Z3THpRMU1qQXpPVDlsZUhCcGNtVnpYMmx1UFRFNE1EQUdPZ1pGVkE9PSIsImV4cCI6IjIwMjYtMDktMDNUMjE6Mjc6MjMuMzc0WiIsInB1ciI6ImRlZmF1bHQifX0%3D--9332c2503199b6e4a22e94406c4a5a19de71098b
2026-09-04,Saf's Kitchen,17:00-21:00,"Eat Street MK, York House Centre, London Road, Stony Stratford MK11 1JQ",52.054163616840405,-0.8467610595182643,HIDE_PRICES/COLLECTION/SLOTTED,True,True,safskitchenmk.hatchesup.app,https://safskitchenmk.hatchesup.app/basket/new?r=BAhJIhxodHRwczovL2hhdGNoZXN1cC5jby51awY6BkVU--5942f19e56a10904bb3b3ddfd5089e2be2c9ba2d&st=eyJfcmFpbHMiOnsibWVzc2FnZSI6IkJBaEpJamhuYVdRNkx5OXpZMmhzWlhBdlEyOXNiR1ZqZEdsdmJrZHliM1Z3THpRMU16VTRNVDlsZUhCcGNtVnpYMmx1UFRFNE1EQUdPZ1pGVkE9PSIsImV4cCI6IjIwMjYtMDktMDNUMjE6Mjc6MjMuMjQxWiIsInB1ciI6ImRlZmF1bHQifX0%3D--5a77c37583738998bd64c0cf29de19ad6afb986c
2026-09-04,Savannah Smoke & Grill,12:00-20:00,"ITFC Fan Zone, Portman Road, Ipswich IP1 2DA",52.05426354690432,1.146389858806064,HIDE_PRICES/COLLECTION/SLOTTED,True,True,savannahsmokegrill.hatchesup.app,https://savannahsmokegrill.hatchesup.app/basket/new?r=BAhJIhxodHRwczovL2hhdGNoZXN1cC5jby51awY6BkVU--5942f19e56a10904bb3b3ddfd5089e2be2c9ba2d&st=eyJfcmFpbHMiOnsibWVzc2FnZSI6IkJBaEpJamhuYVdRNkx5OXpZMmhzWlhBdlEyOXNiR1ZqZEdsdmJrZHliM1Z3THpRMU1EVTFOejlsZUhCcGNtVnpYMmx1UFRFNE1EQUdPZ1pGVkE9PSIsImV4cCI6IjIwMjYtMDktMDNUMjE6Mjc6MjMuMTg4WiIsInB1ciI6ImRlZmF1bHQifX0%3D--14b63adee61e4e8e815bb79d5cda254cb7ee917b
2026-09-04,Smother Spudders,16:00-20:00,"The Black Horse, Rampton CB24 8QE",52.292121986994076,0.08885329228697311,COLLECTION/SLOTTED,True,True,smotherspudders.hatchesup.app,https://smotherspudders.hatchesup.app/basket/new?r=BAhJIhxodHRwczovL2hhdGNoZXN1cC5jby51awY6BkVU--5942f19e56a10904bb3b3ddfd5089e2be2c9ba2d&st=eyJfcmFpbHMiOnsibWVzc2FnZSI6IkJBaEpJamhuYVdRNkx5OXpZMmhzWlhBdlEyOXNiR1ZqZEdsdmJrZHliM1Z3THpRME9EYzJPVDlsZUhCcGNtVnpYMmx1UFRFNE1EQUdPZ1pGVkE9PSIsImV4cCI6IjIwMjYtMDktMDNUMjE6Mjc6MjMuMDMyWiIsInB1ciI6ImRlZmF1bHQifX0%3D--aa8cc4a9a17c3e146302e5b4ad45b0b84edc1997
2026-09-04,Snackwallah,11:30-16:30,Grainger Market,54.97258797272251,-1.6130193262126347,COLLECTION/SLOTTED,True,True,snackwallah.hatchesup.app,https://snackwallah.hatchesup.app/basket/new?r=BAhJIhxodHRwczovL2hhdGNoZXN1cC5jby51awY6BkVU--5942f19e56a10904bb3b3ddfd5089e2be2c9ba2d&st=eyJfcmFpbHMiOnsibWVzc2FnZSI6IkJBaEpJamhuYVdRNkx5OXpZMmhzWlhBdlEyOXNiR1ZqZEdsdmJrZHliM1Z3THpRek1EWXlNVDlsZUhCcGNtVnpYMmx1UFRFNE1EQUdPZ1pGVkE9PSIsImV4cCI6IjIwMjYtMDktMDNUMjE6Mjc6MjMuMzQ2WiIsInB1ciI6ImRlZmF1bHQifX0%3D--1e2d70e695ee5f6a48fe1099091aa5b72d065af2
2026-09-04,Spice & Rice,09:30-18:30,Westfield Stratford,51.54116864912633,0.0035235099243072256,COLLECTION/SLOTTED,True,True,spiceandrice.hatchesup.app,https://spiceandrice.hatchesup.app/basket/new?r=BAhJIhxodHRwczovL2hhdGNoZXN1cC5jby51awY6BkVU--5942f19e56a10904bb3b3ddfd5089e2be2c9ba2d&st=eyJfcmFpbHMiOnsibWVzc2FnZSI6IkJBaEpJamhuYVdRNkx5OXpZMmhzWlhBdlEyOXNiR1ZqZEdsdmJrZHliM1Z3THpRMU1qSTVNajlsZUhCcGNtVnpYMmx1UFRFNE1EQUdPZ1pGVkE9PSIsImV4cCI6IjIwMjYtMDktMDNUMjE6Mjc6MjMuNDIyWiIsInB1ciI6ImRlZmF1bHQifX0%3D--8b25e2488f68e3991617bfbb1aae26d58b79df48
2026-09-04,Spudalicious,11:30-17:30,MK1 Shopping & Leisure Park,52.01034871113367,-0.7333222612066537,COLLECTION/SLOTTED,True,True,spudaliciousuk.hatchesup.app,https://spudaliciousuk.hatchesup.app/basket/new?r=BAhJIhxodHRwczovL2hhdGNoZXN1cC5jby51awY6BkVU--5942f19e56a10904bb3b3ddfd5089e2be2c9ba2d&st=eyJfcmFpbHMiOnsibWVzc2FnZSI6IkJBaEpJamhuYVdRNkx5OXpZMmhzWlhBdlEyOXNiR1ZqZEdsdmJrZHliM1Z3THpRek5EWXpNejlsZUhCcGNtVnpYMmx1UFRFNE1EQUdPZ1pGVkE9PSIsImV4cCI6IjIwMjYtMDktMDNUMjE6Mjc6MjMuMjA4WiIsInB1ciI6ImRlZmF1bHQifX0%3D--b9d6fe865addb419231dade8cee1910d2ec424e2
2026-09-04,Steak & Honour,16:45-20:00,Fordham Royal British Legion,52.31133627629771,0.3911002079094601,COLLECTION/SLOTTED,True,True,order.steakandhonour.co.uk,https://order.steakandhonour.co.uk/basket/new?r=BAhJIhxodHRwczovL2hhdGNoZXN1cC5jby51awY6BkVU--5942f19e56a10904bb3b3ddfd5089e2be2c9ba2d&st=eyJfcmFpbHMiOnsibWVzc2FnZSI6IkJBaEpJamhuYVdRNkx5OXpZMmhzWlhBdlEyOXNiR1ZqZEdsdmJrZHliM1Z3THpRME9ETTNORDlsZUhCcGNtVnpYMmx1UFRFNE1EQUdPZ1pGVkE9PSIsImV4cCI6IjIwMjYtMDktMDNUMjE6Mjc6MjIuNTE5WiIsInB1ciI6ImRlZmF1bHQifX0%3D--d7b03ebbe063e41fc2588f143537fb14cfbacfd8
2026-09-04,TEXBBQZ,12:00-23:00,"TEXBBQZ, 714 High Road, Leytonstone, London E11 3AJ",51.56918841400615,0.014814395722679565,COLLECTION/SLOTTED,True,True,texbbqz.hatchesup.app,https://texbbqz.hatchesup.app/basket/new?r=BAhJIhxodHRwczovL2hhdGNoZXN1cC5jby51awY6BkVU--5942f19e56a10904bb3b3ddfd5089e2be2c9ba2d&st=eyJfcmFpbHMiOnsibWVzc2FnZSI6IkJBaEpJamhuYVdRNkx5OXpZMmhzWlhBdlEyOXNiR1ZqZEdsdmJrZHliM1Z3THpRek1qWTVOVDlsZUhCcGNtVnpYMmx1UFRFNE1EQUdPZ1pGVkE9PSIsImV4cCI6IjIwMjYtMDktMDNUMjE6Mjc6MjMuNTY0WiIsInB1ciI6ImRlZmF1bHQifX0%3D--32d0028add29218ed714e0dcc2175e4730eb15fd
2026-09-04,TIKKA TONIC,12:00-14:00,Food Park @ CB1 ,52.19329258192648,0.13792078251850518,COLLECTION/SLOTTED,True,True,order.tikkatonic.com,https://order.tikkatonic.com/basket/new?r=BAhJIhxodHRwczovL2hhdGNoZXN1cC5jby51awY6BkVU--5942f19e56a10904bb3b3ddfd5089e2be2c9ba2d&st=eyJfcmFpbHMiOnsibWVzc2FnZSI6IkJBaEpJamhuYVdRNkx5OXpZMmhzWlhBdlEyOXNiR1ZqZEdsdmJrZHliM1Z3THpRME9EUXdPRDlsZUhCcGNtVnpYMmx1UFRFNE1EQUdPZ1pGVkE9PSIsImV4cCI6IjIwMjYtMDktMDNUMjE6Mjc6MjIuNjE0WiIsInB1ciI6ImRlZmF1bHQifX0%3D--5f09964a353153337fb65721cb6e5fff950748b2
2026-09-04,Taste of Cambridge,11:00-15:30,"Market St, Cambridge",52.205647762613744,0.12154900114932128,COLLECTION/SLOTTED,True,True,tasteofcambridgefalafels.hatchesup.app,https://tasteofcambridgefalafels.hatchesup.app/basket/new?r=BAhJIhxodHRwczovL2hhdGNoZXN1cC5jby51awY6BkVU--5942f19e56a10904bb3b3ddfd5089e2be2c9ba2d&st=eyJfcmFpbHMiOnsibWVzc2FnZSI6IkJBaEpJamhuYVdRNkx5OXpZMmhzWlhBdlEyOXNiR1ZqZEdsdmJrZHliM1Z3THpRek5UTTNNejlsZUhCcGNtVnpYMmx1UFRFNE1EQUdPZ1pGVkE9PSIsImV4cCI6IjIwMjYtMDktMDNUMjE6Mjc6MjMuMTAzWiIsInB1ciI6ImRlZmF1bHQifX0%3D--188ca86a1ce05760e2fa165490d9261a35649a42
2026-09-04,The Funky Pickle Co,16:00-20:00,"Tap and Gin Palace, 21 Winchester Street, Andover SP10 2EA",51.20544872018089,-1.4772115621023933,HIDE_PRICES/COLLECTION/SLOTTED,True,True,funkypickle.hatchesup.app,https://funkypickle.hatchesup.app/basket/new?r=BAhJIhxodHRwczovL2hhdGNoZXN1cC5jby51awY6BkVU--5942f19e56a10904bb3b3ddfd5089e2be2c9ba2d&st=eyJfcmFpbHMiOnsibWVzc2FnZSI6IkJBaEpJamhuYVdRNkx5OXpZMmhzWlhBdlEyOXNiR1ZqZEdsdmJrZHliM1Z3THpRMU1ETTVPVDlsZUhCcGNtVnpYMmx1UFRFNE1EQUdPZ1pGVkE9PSIsImV4cCI6IjIwMjYtMDktMDNUMjE6Mjc6MjMuMTcwWiIsInB1ciI6ImRlZmF1bHQifX0%3D--7e08b5b7be92479f1c55bbc888e4dfea9c39069e
2026-09-04,The House of Dough,10:30-16:00,The House of Dough (shop),52.05527147365396,-0.8497081995052236,COLLECTION/SLOTTED,True,True,thehouseofdough.hatchesup.app,https://thehouseofdough.hatchesup.app/basket/new?r=BAhJIhxodHRwczovL2hhdGNoZXN1cC5jby51awY6BkVU--5942f19e56a10904bb3b3ddfd5089e2be2c9ba2d&st=eyJfcmFpbHMiOnsibWVzc2FnZSI6IkJBaEpJamhuYVdRNkx5OXpZMmhzWlhBdlEyOXNiR1ZqZEdsdmJrZHliM1Z3THpRek5qSXpNejlsZUhCcGNtVnpYMmx1UFRFNE1EQUdPZ1pGVkE9PSIsImV4cCI6IjIwMjYtMDktMDNUMjE6Mjc6MjMuMjYwWiIsInB1ciI6ImRlZmF1bHQifX0%3D--16c4f3cd60b4c094b9320b1792911ee7008d6bdb
2026-09-04,The Pizza Pod,17:00-21:00,Baston Village Hall,52.71215202920147,-0.3520332788473887,COLLECTION/SLOTTED,True,True,thepizzapod.hatchesup.app,https://thepizzapod.hatchesup.app/basket/new?r=BAhJIhxodHRwczovL2hhdGNoZXN1cC5jby51awY6BkVU--5942f19e56a10904bb3b3ddfd5089e2be2c9ba2d&st=eyJfcmFpbHMiOnsibWVzc2FnZSI6IkJBaEpJamhuYVdRNkx5OXpZMmhzWlhBdlEyOXNiR1ZqZEdsdmJrZHliM1Z3THpRME9UUTRPRDlsZUhCcGNtVnpYMmx1UFRFNE1EQUdPZ1pGVkE9PSIsImV4cCI6IjIwMjYtMDktMDNUMjE6Mjc6MjIuOTIxWiIsInB1ciI6ImRlZmF1bHQifX0%3D--7cf82496299cf9633f3f65c1031d290f830e8d83
2026-09-04,The Purple Pepper,16:45-20:00,"The Fox, Burwell CB25 0BA",52.279958649491505,0.32475281177144666,COLLECTION/SLOTTED,True,True,thepurplepepper.hatchesup.app,https://thepurplepepper.hatchesup.app/basket/new?r=BAhJIhxodHRwczovL2hhdGNoZXN1cC5jby51awY6BkVU--5942f19e56a10904bb3b3ddfd5089e2be2c9ba2d&st=eyJfcmFpbHMiOnsibWVzc2FnZSI6IkJBaEpJamhuYVdRNkx5OXpZMmhzWlhBdlEyOXNiR1ZqZEdsdmJrZHliM1Z3THpRME9ESXhNRDlsZUhCcGNtVnpYMmx1UFRFNE1EQUdPZ1pGVkE9PSIsImV4cCI6IjIwMjYtMDktMDNUMjE6Mjc6MjIuNjgwWiIsInB1ciI6ImRlZmF1bHQifX0%3D--03d4c03da7a736dba488ee8220a938caa1ea4b00
2026-09-04,The Rub BBQ,17:00-21:00,"The Runway Social, Shenington",52.08071402494868,-1.4755560321978016,COLLECTION/SLOTTED,True,True,therubbbq.hatchesup.app,https://therubbbq.hatchesup.app/basket/new?r=BAhJIhxodHRwczovL2hhdGNoZXN1cC5jby51awY6BkVU--5942f19e56a10904bb3b3ddfd5089e2be2c9ba2d&st=eyJfcmFpbHMiOnsibWVzc2FnZSI6IkJBaEpJamhuYVdRNkx5OXpZMmhzWlhBdlEyOXNiR1ZqZEdsdmJrZHliM1Z3THpRME9EWTNOajlsZUhCcGNtVnpYMmx1UFRFNE1EQUdPZ1pGVkE9PSIsImV4cCI6IjIwMjYtMDktMDNUMjE6Mjc6MjIuODIxWiIsInB1ciI6ImRlZmF1bHQifX0%3D--9ba678908dca160df23542d5f880fa0a712d082e
2026-09-04,The Yeerologist,11:00-20:00,The Yeerologist @ Eat17,51.86990572349725,0.16153980851487787,COLLECTION/SLOTTED,True,True,theyeerologist.hatchesup.app,https://theyeerologist.hatchesup.app/basket/new?r=BAhJIhxodHRwczovL2hhdGNoZXN1cC5jby51awY6BkVU--5942f19e56a10904bb3b3ddfd5089e2be2c9ba2d&st=eyJfcmFpbHMiOnsibWVzc2FnZSI6IkJBaEpJamhuYVdRNkx5OXpZMmhzWlhBdlEyOXNiR1ZqZEdsdmJrZHliM1Z3THpReU5ESXhPRDlsZUhCcGNtVnpYMmx1UFRFNE1EQUdPZ1pGVkE9PSIsImV4cCI6IjIwMjYtMDktMDNUMjE6Mjc6MjMuMzMzWiIsInB1ciI6ImRlZmF1bHQifX0%3D--005ea6b39ffa93d52a40f4fa8e9c80c41bc8fd19
2026-09-04,Toni's Souvlaki & Gyros,11:00-23:00,Watford Market,51.65715879741769,-0.39697891094918225,COLLECTION/SLOTTED,True,True,tonissouvlaki.hatchesup.app,https://tonissouvlaki.hatchesup.app/basket/new?r=BAhJIhxodHRwczovL2hhdGNoZXN1cC5jby51awY6BkVU--5942f19e56a10904bb3b3ddfd5089e2be2c9ba2d&st=eyJfcmFpbHMiOnsibWVzc2FnZSI6IkJBaEpJamhuYVdRNkx5OXpZMmhzWlhBdlEyOXNiR1ZqZEdsdmJrZHliM1Z3THpRek16ZzFOejlsZUhCcGNtVnpYMmx1UFRFNE1EQUdPZ1pGVkE9PSIsImV4cCI6IjIwMjYtMDktMDNUMjE6Mjc6MjMuMjcwWiIsInB1ciI6ImRlZmF1bHQifX0%3D--d6e64de710709eb6eabcb041017902bddf0548a8
2026-09-04,Well Nice Food,17:00-20:15,"Hen & Chickens Inn, Chesham",51.708829257142575,-0.5910189100527916,HIDE_PRICES/COLLECTION/SLOTTED,True,True,wellnicefood.hatchesup.app,https://wellnicefood.hatchesup.app/basket/new?r=BAhJIhxodHRwczovL2hhdGNoZXN1cC5jby51awY6BkVU--5942f19e56a10904bb3b3ddfd5089e2be2c9ba2d&st=eyJfcmFpbHMiOnsibWVzc2FnZSI6IkJBaEpJamhuYVdRNkx5OXpZMmhzWlhBdlEyOXNiR1ZqZEdsdmJrZHliM1Z3THpRMU16WTJNRDlsZUhCcGNtVnpYMmx1UFRFNE1EQUdPZ1pGVkE9PSIsImV4cCI6IjIwMjYtMDktMDNUMjE6Mjc6MjMuMjIxWiIsInB1ciI6ImRlZmF1bHQifX0%3D--b3abab802f175f276b6f1e74fceb80ca5f1ecc00
2026-09-04,Zaket Potato,12:00-20:00,10 Dereham Rd,52.631564958336995,1.2861645465658733,COLLECTION/SLOTTED,True,True,zaketpotato.hatchesup.app,https://zaketpotato.hatchesup.app/basket/new?r=BAhJIhxodHRwczovL2hhdGNoZXN1cC5jby51awY6BkVU--5942f19e56a10904bb3b3ddfd5089e2be2c9ba2d&st=eyJfcmFpbHMiOnsibWVzc2FnZSI6IkJBaEpJamhuYVdRNkx5OXpZMmhzWlhBdlEyOXNiR1ZqZEdsdmJrZHliM1Z3THpRek9UZzVPVDlsZUhCcGNtVnpYMmx1UFRFNE1EQUdPZ1pGVkE9PSIsImV4cCI6IjIwMjYtMDktMDNUMjE6Mjc6MjMuMDU0WiIsInB1ciI6ImRlZmF1bHQifX0%3D--ad7b1f621d88421eeec49c2117ee9cfe65c44e81
2026-09-05,A Good Egg,09:00-16:30,St Albans,51.753788857227434,-0.33554150449678966,COLLECTION/SLOTTED,True,True,agoodegg.hatchesup.app,https://agoodegg.hatchesup.app/basket/new?r=BAhJIhxodHRwczovL2hhdGNoZXN1cC5jby51awY6BkVU--5942f19e56a10904bb3b3ddfd5089e2be2c9ba2d&st=eyJfcmFpbHMiOnsibWVzc2FnZSI6IkJBaEpJamhuYVdRNkx5OXpZMmhzWlhBdlEyOXNiR1ZqZEdsdmJrZHliM1Z3THpReU5qRTNOVDlsZUhCcGNtVnpYMmx1UFRFNE1EQUdPZ1pGVkE9PSIsImV4cCI6IjIwMjYtMDktMDNUMjE6Mjc6MjMuOTMyWiIsInB1ciI6ImRlZmF1bHQifX0%3D--aa54ea511050a870ce2d611d91148e99a11e944a
2026-09-05,Al Chile,13:00-21:30,Station Square,52.1943842680965,0.13822195536682358,COLLECTION/SLOTTED,True,True,mexicanpinktruck.hatchesup.app,https://mexicanpinktruck.hatchesup.app/basket/new?r=BAhJIhxodHRwczovL2hhdGNoZXN1cC5jby51awY6BkVU--5942f19e56a10904bb3b3ddfd5089e2be2c9ba2d&st=eyJfcmFpbHMiOnsibWVzc2FnZSI6IkJBaEpJamhuYVdRNkx5OXpZMmhzWlhBdlEyOXNiR1ZqZEdsdmJrZHliM1Z3THpRek56UTNPVDlsZUhCcGNtVnpYMmx1UFRFNE1EQUdPZ1pGVkE9PSIsImV4cCI6IjIwMjYtMDktMDNUMjE6Mjc6MjMuODM5WiIsInB1ciI6ImRlZmF1bHQifX0%3D--87f9abd49aaf48a9228ad776e260aed4955a538b
2026-09-05,All Fired Up Pizza,17:00-20:00,Belfairs Park,51.556711270870785,0.6459897228896299,COLLECTION/SLOTTED,True,True,allfireduppizza.hatchesup.app,https://allfireduppizza.hatchesup.app/basket/new?r=BAhJIhxodHRwczovL2hhdGNoZXN1cC5jby51awY6BkVU--5942f19e56a10904bb3b3ddfd5089e2be2c9ba2d&st=eyJfcmFpbHMiOnsibWVzc2FnZSI6IkJBaEpJamhuYVdRNkx5OXpZMmhzWlhBdlEyOXNiR1ZqZEdsdmJrZHliM1Z3THpRMU1EY3lPVDlsZUhCcGNtVnpYMmx1UFRFNE1EQUdPZ1pGVkE9PSIsImV4cCI6IjIwMjYtMDktMDNUMjE6Mjc6MjMuNzgzWiIsInB1ciI6ImRlZmF1bHQifX0%3D--9f8c2b29cb082b98bab75a0e0c8ebdccc90abb74
2026-09-05,Amen Catering,10:00-17:00,"Maltby Street Market, Ropewalk, Bermondsey, London SE1 3PA",51.49859742907761,-0.07406580855960072,HIDE_PRICES/COLLECTION/SLOTTED,True,True,amencatering.hatchesup.app,https://amencatering.hatchesup.app/basket/new?r=BAhJIhxodHRwczovL2hhdGNoZXN1cC5jby51awY6BkVU--5942f19e56a10904bb3b3ddfd5089e2be2c9ba2d&st=eyJfcmFpbHMiOnsibWVzc2FnZSI6IkJBaEpJamhuYVdRNkx5OXpZMmhzWlhBdlEyOXNiR1ZqZEdsdmJrZHliM1Z3THpRek5qWTRNVDlsZUhCcGNtVnpYMmx1UFRFNE1EQUdPZ1pGVkE9PSIsImV4cCI6IjIwMjYtMDktMDNUMjE6Mjc6MjQuNDA1WiIsInB1ciI6ImRlZmF1bHQifX0%3D--9c1a8b2472932b954fefe116b1405d6c2c9d1c0e
2026-09-05,BabTooma Express,11:00-22:00,Darley Street Market,53.79580180316677,-1.7538697554462181,COLLECTION/SLOTTED,True,True,babtooma.hatchesup.app,https://babtooma.hatchesup.app/basket/new?r=BAhJIhxodHRwczovL2hhdGNoZXN1cC5jby51awY6BkVU--5942f19e56a10904bb3b3ddfd5089e2be2c9ba2d&st=eyJfcmFpbHMiOnsibWVzc2FnZSI6IkJBaEpJamhuYVdRNkx5OXpZMmhzWlhBdlEyOXNiR1ZqZEdsdmJrZHliM1Z3THpRek1UVXlORDlsZUhCcGNtVnpYMmx1UFRFNE1EQUdPZ1pGVkE9PSIsImV4cCI6IjIwMjYtMDktMDNUMjE6Mjc6MjQuMDQ1WiIsInB1ciI6ImRlZmF1bHQifX0%3D--edab14ad74ad10d2fc413bfbf6da133619af3dc9
2026-09-05,Beardus Burger,17:00-23:30,A38 Last Exit,52.5077273307796,-1.84796201084773,COLLECTION/SLOTTED,True,True,beardusburger.hatchesup.app,https://beardusburger.hatchesup.app/basket/new?r=BAhJIhxodHRwczovL2hhdGNoZXN1cC5jby51awY6BkVU--5942f19e56a10904bb3b3ddfd5089e2be2c9ba2d&st=eyJfcmFpbHMiOnsibWVzc2FnZSI6IkJBaEpJamhuYVdRNkx5OXpZMmhzWlhBdlEyOXNiR1ZqZEdsdmJrZHliM1Z3THpRek9ETTVOVDlsZUhCcGNtVnpYMmx1UFRFNE1EQUdPZ1pGVkE9PSIsImV4cCI6IjIwMjYtMDktMDNUMjE6Mjc6MjQuMDU4WiIsInB1ciI6ImRlZmF1bHQifX0%3D--dd38204d6794480ac6796df7387d61bbf643b466
2026-09-05,Between Buns Royston,12:00-21:00,"11 Kneesworth St, Royston SG8 5AA",52.04844897964053,-0.02266450723926906,COLLECTION/SLOTTED,True,True,betweenbunsroyston.hatchesup.app,https://betweenbunsroyston.hatchesup.app/basket/new?r=BAhJIhxodHRwczovL2hhdGNoZXN1cC5jby51awY6BkVU--5942f19e56a10904bb3b3ddfd5089e2be2c9ba2d&st=eyJfcmFpbHMiOnsibWVzc2FnZSI6IkJBaEpJamhuYVdRNkx5OXpZMmhzWlhBdlEyOXNiR1ZqZEdsdmJrZHliM1Z3THpRME1UTXhPVDlsZUhCcGNtVnpYMmx1UFRFNE1EQUdPZ1pGVkE9PSIsImV4cCI6IjIwMjYtMDktMDNUMjE6Mjc6MjMuNjI5WiIsInB1ciI6ImRlZmF1bHQifX0%3D--7654b69327d2fd0d367524a3dc1f5106b7d2b47c
2026-09-05,Build A Burga,16:00-21:00,"Stone Street Square, Dudley",52.51057404602015,-2.083067778492502,COLLECTION/SLOTTED,True,True,buildaburga.hatchesup.app,https://buildaburga.hatchesup.app/basket/new?r=BAhJIhxodHRwczovL2hhdGNoZXN1cC5jby51awY6BkVU--5942f19e56a10904bb3b3ddfd5089e2be2c9ba2d&st=eyJfcmFpbHMiOnsibWVzc2FnZSI6IkJBaEpJamhuYVdRNkx5OXpZMmhzWlhBdlEyOXNiR1ZqZEdsdmJrZHliM1Z3THpReU5qQXdOejlsZUhCcGNtVnpYMmx1UFRFNE1EQUdPZ1pGVkE9PSIsImV4cCI6IjIwMjYtMDktMDNUMjE6Mjc6MjQuMjcwWiIsInB1ciI6ImRlZmF1bHQifX0%3D--85c94df6db65bf3e695cf4531493f38132a5e2a8
2026-09-05,Carne Street Food,11:00-18:00,"Canopy Market, Kings Cross",51.535193321521476,-0.12237411292197707,HIDE_PRICES/COLLECTION/SLOTTED,True,True,carnestreetfood.hatchesup.app,https://carnestreetfood.hatchesup.app/basket/new?r=BAhJIhxodHRwczovL2hhdGNoZXN1cC5jby51awY6BkVU--5942f19e56a10904bb3b3ddfd5089e2be2c9ba2d&st=eyJfcmFpbHMiOnsibWVzc2FnZSI6IkJBaEpJamhuYVdRNkx5OXpZMmhzWlhBdlEyOXNiR1ZqZEdsdmJrZHliM1Z3THpRMU16QXhNVDlsZUhCcGNtVnpYMmx1UFRFNE1EQUdPZ1pGVkE9PSIsImV4cCI6IjIwMjYtMDktMDNUMjE6Mjc6MjMuOTU5WiIsInB1ciI6ImRlZmF1bHQifX0%3D--2e915cfbe27deb3ea104b7158fa32e26de994a7c
2026-09-05,Clumsies,17:30-21:00,Mrs Salisburys Carpark,51.77840151464219,0.6756063178461756,COLLECTION/SLOTTED,True,True,clumsies.hatchesup.app,https://clumsies.hatchesup.app/basket/new?r=BAhJIhxodHRwczovL2hhdGNoZXN1cC5jby51awY6BkVU--5942f19e56a10904bb3b3ddfd5089e2be2c9ba2d&st=eyJfcmFpbHMiOnsibWVzc2FnZSI6IkJBaEpJamhuYVdRNkx5OXpZMmhzWlhBdlEyOXNiR1ZqZEdsdmJrZHliM1Z3THpRek5UQTFNajlsZUhCcGNtVnpYMmx1UFRFNE1EQUdPZ1pGVkE9PSIsImV4cCI6IjIwMjYtMDktMDNUMjE6Mjc6MjMuNzk4WiIsInB1ciI6ImRlZmF1bHQifX0%3D--753c29475cb96c355b39058b02dc91ac16dc6cf5
2026-09-05,Crumbelievable,10:00-16:00,Cambridge Market,52.204354893557664,0.12093118957473957,HIDE_PRICES/COLLECTION/SLOTTED,True,True,crumbelievable.hatchesup.app,https://crumbelievable.hatchesup.app/basket/new?r=BAhJIhxodHRwczovL2hhdGNoZXN1cC5jby51awY6BkVU--5942f19e56a10904bb3b3ddfd5089e2be2c9ba2d&st=eyJfcmFpbHMiOnsibWVzc2FnZSI6IkJBaEpJamhuYVdRNkx5OXpZMmhzWlhBdlEyOXNiR1ZqZEdsdmJrZHliM1Z3THpRek9UVTRPRDlsZUhCcGNtVnpYMmx1UFRFNE1EQUdPZ1pGVkE9PSIsImV4cCI6IjIwMjYtMDktMDNUMjE6Mjc6MjQuMzQ3WiIsInB1ciI6ImRlZmF1bHQifX0%3D--866825608e26e5827ca658f3a1462ac906806337
2026-09-05,Dirty Fryer Boys,17:30-20:00,"The Cap, Harleston",52.40254115609168,1.301913411743431,COLLECTION/SLOTTED,True,True,dirtyfryerboys.hatchesup.app,https://dirtyfryerboys.hatchesup.app/basket/new?r=BAhJIhxodHRwczovL2hhdGNoZXN1cC5jby51awY6BkVU--5942f19e56a10904bb3b3ddfd5089e2be2c9ba2d&st=eyJfcmFpbHMiOnsibWVzc2FnZSI6IkJBaEpJamhuYVdRNkx5OXpZMmhzWlhBdlEyOXNiR1ZqZEdsdmJrZHliM1Z3THpRMU1ESXdNRDlsZUhCcGNtVnpYMmx1UFRFNE1EQUdPZ1pGVkE9PSIsImV4cCI6IjIwMjYtMDktMDNUMjE6Mjc6MjMuOTEzWiIsInB1ciI6ImRlZmF1bHQifX0%3D--47615e3b960f590ef5b5e42ec8188200574343f5
2026-09-05,Fully Loaded Fries,12:00-20:00,"The Blackbourne, Blackbourne Road, Elmswell IP30 9UH",52.238988092532544,0.9191407940705623,COLLECTION/SLOTTED,True,True,fullyloadedfries.hatchesup.app,https://fullyloadedfries.hatchesup.app/basket/new?r=BAhJIhxodHRwczovL2hhdGNoZXN1cC5jby51awY6BkVU--5942f19e56a10904bb3b3ddfd5089e2be2c9ba2d&st=eyJfcmFpbHMiOnsibWVzc2FnZSI6IkJBaEpJamhuYVdRNkx5OXpZMmhzWlhBdlEyOXNiR1ZqZEdsdmJrZHliM1Z3THpRMU1EVXlORDlsZUhCcGNtVnpYMmx1UFRFNE1EQUdPZ1pGVkE9PSIsImV4cCI6IjIwMjYtMDktMDNUMjE6Mjc6MjMuNjgwWiIsInB1ciI6ImRlZmF1bHQifX0%3D--0427c887845bb8e1970d066fedbd9e4ceecfef3e
2026-09-05,Goldee's Bagels,09:00-16:00,"Shambles Market, York",53.959698327489846,-1.078798749143823,COLLECTION/SLOTTED,True,True,goldeesbagels.hatchesup.app,https://goldeesbagels.hatchesup.app/basket/new?r=BAhJIhxodHRwczovL2hhdGNoZXN1cC5jby51awY6BkVU--5942f19e56a10904bb3b3ddfd5089e2be2c9ba2d&st=eyJfcmFpbHMiOnsibWVzc2FnZSI6IkJBaEpJamhuYVdRNkx5OXpZMmhzWlhBdlEyOXNiR1ZqZEdsdmJrZHliM1Z3THpRMU1UQTBNejlsZUhCcGNtVnpYMmx1UFRFNE1EQUdPZ1pGVkE9PSIsImV4cCI6IjIwMjYtMDktMDNUMjE6Mjc6MjQuMTQ1WiIsInB1ciI6ImRlZmF1bHQifX0%3D--f41d409fffee35313cdf9e27594059dd0b738637
2026-09-05,Green Choy,12:00-23:45,"Green Choy, Maison Noor, Ilford",51.55782355880592,0.0749974233762525,COLLECTION/SLOTTED,True,True,greenchoykorean.hatchesup.app,https://greenchoykorean.hatchesup.app/basket/new?r=BAhJIhxodHRwczovL2hhdGNoZXN1cC5jby51awY6BkVU--5942f19e56a10904bb3b3ddfd5089e2be2c9ba2d&st=eyJfcmFpbHMiOnsibWVzc2FnZSI6IkJBaEpJamhuYVdRNkx5OXpZMmhzWlhBdlEyOXNiR1ZqZEdsdmJrZHliM1Z3THpReU56SXhPRDlsZUhCcGNtVnpYMmx1UFRFNE1EQUdPZ1pGVkE9PSIsImV4cCI6IjIwMjYtMDktMDNUMjE6Mjc6MjQuMjM3WiIsInB1ciI6ImRlZmF1bHQifX0%3D--b46eb756d558a452dc10293f224f6b1b570b134b
2026-09-05,Green Choy,11:00-23:45,"Green Choy, Mercato Metropolitano Elephant & Castle",51.49794316477026,-0.09678774963472865,COLLECTION/SLOTTED,True,True,greenchoykorean.hatchesup.app,https://greenchoykorean.hatchesup.app/basket/new?r=BAhJIhxodHRwczovL2hhdGNoZXN1cC5jby51awY6BkVU--5942f19e56a10904bb3b3ddfd5089e2be2c9ba2d&st=eyJfcmFpbHMiOnsibWVzc2FnZSI6IkJBaEpJamhuYVdRNkx5OXpZMmhzWlhBdlEyOXNiR1ZqZEdsdmJrZHliM1Z3THpReU9EVTJORDlsZUhCcGNtVnpYMmx1UFRFNE1EQUdPZ1pGVkE9PSIsImV4cCI6IjIwMjYtMDktMDNUMjE6Mjc6MjQuMjU2WiIsInB1ciI6ImRlZmF1bHQifX0%3D--999cb5a5ad4cbb96030c74d239c75aeb447b7447
2026-09-05,Green Choy,12:00-22:00,"Green Choy, Tooting Market",51.428510940283644,-0.16494930778979333,COLLECTION/SLOTTED,True,True,greenchoykorean.hatchesup.app,https://greenchoykorean.hatchesup.app/basket/new?r=BAhJIhxodHRwczovL2hhdGNoZXN1cC5jby51awY6BkVU--5942f19e56a10904bb3b3ddfd5089e2be2c9ba2d&st=eyJfcmFpbHMiOnsibWVzc2FnZSI6IkJBaEpJamhuYVdRNkx5OXpZMmhzWlhBdlEyOXNiR1ZqZEdsdmJrZHliM1Z3THpReU5UYzRNRDlsZUhCcGNtVnpYMmx1UFRFNE1EQUdPZ1pGVkE9PSIsImV4cCI6IjIwMjYtMDktMDNUMjE6Mjc6MjQuMjIyWiIsInB1ciI6ImRlZmF1bHQifX0%3D--84db2db4f3d9054d9121e66cad124cc47bcf4289
2026-09-05,Hot Bird,12:00-20:30,Market Place Hounslow,51.46735843192258,-0.36387034285270703,COLLECTION/SLOTTED,True,True,hotbird.hatchesup.app,https://hotbird.hatchesup.app/basket/new?r=BAhJIhxodHRwczovL2hhdGNoZXN1cC5jby51awY6BkVU--5942f19e56a10904bb3b3ddfd5089e2be2c9ba2d&st=eyJfcmFpbHMiOnsibWVzc2FnZSI6IkJBaEpJamhuYVdRNkx5OXpZMmhzWlhBdlEyOXNiR1ZqZEdsdmJrZHliM1Z3THpReU16YzJNVDlsZUhCcGNtVnpYMmx1UFRFNE1EQUdPZ1pGVkE9PSIsImV4cCI6IjIwMjYtMDktMDNUMjE6Mjc6MjQuMjk3WiIsInB1ciI6ImRlZmF1bHQifX0%3D--2b8ba6530cae3eb1b9f7da8b5e1f2cf4b128850c
2026-09-05,India Express,09:00-12:30,Horsforth Farmers' Market,53.840382348342516,-1.6353746660112822,HIDE_PRICES/COLLECTION/SLOTTED,True,True,indiaexpress.hatchesup.app,https://indiaexpress.hatchesup.app/basket/new?r=BAhJIhxodHRwczovL2hhdGNoZXN1cC5jby51awY6BkVU--5942f19e56a10904bb3b3ddfd5089e2be2c9ba2d&st=eyJfcmFpbHMiOnsibWVzc2FnZSI6IkJBaEpJamhuYVdRNkx5OXpZMmhzWlhBdlEyOXNiR1ZqZEdsdmJrZHliM1Z3THpNMk16QTROVDlsZUhCcGNtVnpYMmx1UFRFNE1EQUdPZ1pGVkE9PSIsImV4cCI6IjIwMjYtMDktMDNUMjE6Mjc6MjQuMzI1WiIsInB1ciI6ImRlZmF1bHQifX0%3D--02d1dc385bf9bf6dc4152a333945af6bcdb813d3
2026-09-05,Kaya Thai Street Food,09:00-19:00,"Love Lane Food Theatre, Nantwich Food Festival, Nantwich CW5 5DG",53.06791771394208,-2.519207164780602,HIDE_PRICES/COLLECTION/SLOTTED,True,True,kayathai.hatchesup.app,https://kayathai.hatchesup.app/basket/new?r=BAhJIhxodHRwczovL2hhdGNoZXN1cC5jby51awY6BkVU--5942f19e56a10904bb3b3ddfd5089e2be2c9ba2d&st=eyJfcmFpbHMiOnsibWVzc2FnZSI6IkJBaEpJamhuYVdRNkx5OXpZMmhzWlhBdlEyOXNiR1ZqZEdsdmJrZHliM1Z3THpRME9URTVNajlsZUhCcGNtVnpYMmx1UFRFNE1EQUdPZ1pGVkE9PSIsImV4cCI6IjIwMjYtMDktMDNUMjE6Mjc6MjQuMTMxWiIsInB1ciI6ImRlZmF1bHQifX0%3D--afad138a95f99d1a4a16227e5051461cbda832b9
2026-09-05,Kerbside Kitchen,08:00-14:30,"Kerbside Kitchen, North Walsham",52.828029860188224,1.3825721825186381,HIDE_PRICES/COLLECTION/SLOTTED,True,True,kerbsidekitchen.hatchesup.app,https://kerbsidekitchen.hatchesup.app/basket/new?r=BAhJIhxodHRwczovL2hhdGNoZXN1cC5jby51awY6BkVU--5942f19e56a10904bb3b3ddfd5089e2be2c9ba2d&st=eyJfcmFpbHMiOnsibWVzc2FnZSI6IkJBaEpJamhuYVdRNkx5OXpZMmhzWlhBdlEyOXNiR1ZqZEdsdmJrZHliM1Z3THpReU1qSXlOajlsZUhCcGNtVnpYMmx1UFRFNE1EQUdPZ1pGVkE9PSIsImV4cCI6IjIwMjYtMDktMDNUMjE6Mjc6MjMuNzI4WiIsInB1ciI6ImRlZmF1bHQifX0%3D--b872467de849a4fa92407eee91471912896edf60
2026-09-05,Kerbside Kitchen,11:00-20:45,"Kerbside Kitchen, Cromer",52.93141941204113,1.3012480345261939,HIDE_PRICES/COLLECTION/SLOTTED,True,True,kerbsidekitchen.hatchesup.app,https://kerbsidekitchen.hatchesup.app/basket/new?r=BAhJIhxodHRwczovL2hhdGNoZXN1cC5jby51awY6BkVU--5942f19e56a10904bb3b3ddfd5089e2be2c9ba2d&st=eyJfcmFpbHMiOnsibWVzc2FnZSI6IkJBaEpJamhuYVdRNkx5OXpZMmhzWlhBdlEyOXNiR1ZqZEdsdmJrZHliM1Z3THpReU1qZzROajlsZUhCcGNtVnpYMmx1UFRFNE1EQUdPZ1pGVkE9PSIsImV4cCI6IjIwMjYtMDktMDNUMjE6Mjc6MjMuNzQ0WiIsInB1ciI6ImRlZmF1bHQifX0%3D--809ebc36b8e9c7ce32800dfff772dcdc875ebae3
2026-09-05,Kushi London,11:30-18:00,Old Spitalfields Market,51.51929141182023,-0.07404331134372141,HIDE_PRICES/COLLECTION/SLOTTED,True,True,kushilondon.hatchesup.app,https://kushilondon.hatchesup.app/basket/new?r=BAhJIhxodHRwczovL2hhdGNoZXN1cC5jby51awY6BkVU--5942f19e56a10904bb3b3ddfd5089e2be2c9ba2d&st=eyJfcmFpbHMiOnsibWVzc2FnZSI6IkJBaEpJamhuYVdRNkx5OXpZMmhzWlhBdlEyOXNiR1ZqZEdsdmJrZHliM1Z3THpReU5EYzFNejlsZUhCcGNtVnpYMmx1UFRFNE1EQUdPZ1pGVkE9PSIsImV4cCI6IjIwMjYtMDktMDNUMjE6Mjc6MjQuMzEyWiIsInB1ciI6ImRlZmF1bHQifX0%3D--c9293fbd61a71b5aeec343e254b2e00c56de4a5a
2026-09-05,La Biga Pizzeria,16:30-20:30,Chesterton Road (Spar),52.215881468604124,0.13250685759317093,HIDE_PRICES/COLLECTION/SLOTTED,True,True,labiga.hatchesup.app,https://labiga.hatchesup.app/basket/new?r=BAhJIhxodHRwczovL2hhdGNoZXN1cC5jby51awY6BkVU--5942f19e56a10904bb3b3ddfd5089e2be2c9ba2d&st=eyJfcmFpbHMiOnsibWVzc2FnZSI6IkJBaEpJamhuYVdRNkx5OXpZMmhzWlhBdlEyOXNiR1ZqZEdsdmJrZHliM1Z3THpRME9UazBPVDlsZUhCcGNtVnpYMmx1UFRFNE1EQUdPZ1pGVkE9PSIsImV4cCI6IjIwMjYtMDktMDNUMjE6Mjc6MjMuNjQ2WiIsInB1ciI6ImRlZmF1bHQifX0%3D--4adb8db549a32b429cddd685aee3b7b71860b237
2026-09-05,Mama Cook Truck,17:00-20:30,West Mersea High Street (Fridays),51.77637203020764,0.912950131917902,COLLECTION/SLOTTED,True,True,mamacooktruck.hatchesup.app,https://mamacooktruck.hatchesup.app/basket/new?r=BAhJIhxodHRwczovL2hhdGNoZXN1cC5jby51awY6BkVU--5942f19e56a10904bb3b3ddfd5089e2be2c9ba2d&st=eyJfcmFpbHMiOnsibWVzc2FnZSI6IkJBaEpJamhuYVdRNkx5OXpZMmhzWlhBdlEyOXNiR1ZqZEdsdmJrZHliM1Z3THpRMU1ERTFNVDlsZUhCcGNtVnpYMmx1UFRFNE1EQUdPZ1pGVkE9PSIsImV4cCI6IjIwMjYtMDktMDNUMjE6Mjc6MjMuOTkwWiIsInB1ciI6ImRlZmF1bHQifX0%3D--6f2f74a4599a278778d2e9316a5ce2fd6865abdb
2026-09-05,Maya Street Food,11:00-15:00,"Cranfield Market, MK",52.065562950748934,-0.6068099592398052,COLLECTION/SLOTTED,True,True,mayastreetfood.hatchesup.app,https://mayastreetfood.hatchesup.app/basket/new?r=BAhJIhxodHRwczovL2hhdGNoZXN1cC5jby51awY6BkVU--5942f19e56a10904bb3b3ddfd5089e2be2c9ba2d&st=eyJfcmFpbHMiOnsibWVzc2FnZSI6IkJBaEpJamhuYVdRNkx5OXpZMmhzWlhBdlEyOXNiR1ZqZEdsdmJrZHliM1Z3THpNNU1qVTRNRDlsZUhCcGNtVnpYMmx1UFRFNE1EQUdPZ1pGVkE9PSIsImV4cCI6IjIwMjYtMDktMDNUMjE6Mjc6MjMuODUxWiIsInB1ciI6ImRlZmF1bHQifX0%3D--6af517d042a699d1616b86c16532212ee2883449
2026-09-05,Meat Point,11:00-18:00,Camden Stables Market,51.541831129005246,-0.14615824301484093,HIDE_PRICES/COLLECTION/SLOTTED,True,True,meatpoint.hatchesup.app,https://meatpoint.hatchesup.app/basket/new?r=BAhJIhxodHRwczovL2hhdGNoZXN1cC5jby51awY6BkVU--5942f19e56a10904bb3b3ddfd5089e2be2c9ba2d&st=eyJfcmFpbHMiOnsibWVzc2FnZSI6IkJBaEpJamhuYVdRNkx5OXpZMmhzWlhBdlEyOXNiR1ZqZEdsdmJrZHliM1Z3THpReE9EZzFOejlsZUhCcGNtVnpYMmx1UFRFNE1EQUdPZ1pGVkE9PSIsImV4cCI6IjIwMjYtMDktMDNUMjE6Mjc6MjQuMjgyWiIsInB1ciI6ImRlZmF1bHQifX0%3D--651534fb7e87b285d9c45c5da41c52b2eb59ac7a
2026-09-05,Miam Miam Bakes,10:00-16:00,"The Glass Pod, Broad Street, King's Lynn PE30 1DP",52.75403780600519,0.39919241514598375,HIDE_PRICES/COLLECTION/SLOTTED,True,True,miammiambakes.hatchesup.app,https://miammiambakes.hatchesup.app/basket/new?r=BAhJIhxodHRwczovL2hhdGNoZXN1cC5jby51awY6BkVU--5942f19e56a10904bb3b3ddfd5089e2be2c9ba2d&st=eyJfcmFpbHMiOnsibWVzc2FnZSI6IkJBaEpJamhuYVdRNkx5OXpZMmhzWlhBdlEyOXNiR1ZqZEdsdmJrZHliM1Z3THpRek5qVXlNejlsZUhCcGNtVnpYMmx1UFRFNE1EQUdPZ1pGVkE9PSIsImV4cCI6IjIwMjYtMDktMDNUMjE6Mjc6MjQuNDMwWiIsInB1ciI6ImRlZmF1bHQifX0%3D--dcc0d1e93912887a104e2ac9d30e94bc3bce9c9e
2026-09-05,Morty's Focacceria,12:00-21:00,White Cloth Hall,53.795311961038614,-1.5389447023425797,COLLECTION/SLOTTED,True,True,mortys.hatchesup.app,https://mortys.hatchesup.app/basket/new?r=BAhJIhxodHRwczovL2hhdGNoZXN1cC5jby51awY6BkVU--5942f19e56a10904bb3b3ddfd5089e2be2c9ba2d&st=eyJfcmFpbHMiOnsibWVzc2FnZSI6IkJBaEpJamhuYVdRNkx5OXpZMmhzWlhBdlEyOXNiR1ZqZEdsdmJrZHliM1Z3THpReU5URTBOejlsZUhCcGNtVnpYMmx1UFRFNE1EQUdPZ1pGVkE9PSIsImV4cCI6IjIwMjYtMDktMDNUMjE6Mjc6MjQuMDczWiIsInB1ciI6ImRlZmF1bHQifX0%3D--bd36e512a809e59e6a2f010f90a83f50ec193d24
2026-09-05,My Thai Chef,12:00-19:30,Nethergate Brewery & Distillery,52.061011588339106,0.713600726030116,COLLECTION/SLOTTED,True,True,mythaichef.hatchesup.app,https://mythaichef.hatchesup.app/basket/new?r=BAhJIhxodHRwczovL2hhdGNoZXN1cC5jby51awY6BkVU--5942f19e56a10904bb3b3ddfd5089e2be2c9ba2d&st=eyJfcmFpbHMiOnsibWVzc2FnZSI6IkJBaEpJamhuYVdRNkx5OXpZMmhzWlhBdlEyOXNiR1ZqZEdsdmJrZHliM1Z3THpRMU1ESXpOejlsZUhCcGNtVnpYMmx1UFRFNE1EQUdPZ1pGVkE9PSIsImV4cCI6IjIwMjYtMDktMDNUMjE6Mjc6MjMuNzExWiIsInB1ciI6ImRlZmF1bHQifX0%3D--9a72c5d012b0b1ccb241679ef3f0434449942f4a
2026-09-05,Ovencraft Pizza,12:00-19:00,Street Food Saturday,52.49577084892945,-0.772880135992311,COLLECTION/SLOTTED,True,True,ovencraftpizza.hatchesup.app,https://ovencraftpizza.hatchesup.app/basket/new?r=BAhJIhxodHRwczovL2hhdGNoZXN1cC5jby51awY6BkVU--5942f19e56a10904bb3b3ddfd5089e2be2c9ba2d&st=eyJfcmFpbHMiOnsibWVzc2FnZSI6IkJBaEpJamhuYVdRNkx5OXpZMmhzWlhBdlEyOXNiR1ZqZEdsdmJrZHliM1Z3THpJNE9UVTJNajlsZUhCcGNtVnpYMmx1UFRFNE1EQUdPZ1pGVkE9PSIsImV4cCI6IjIwMjYtMDktMDNUMjE6Mjc6MjMuNzYwWiIsInB1ciI6ImRlZmF1bHQifX0%3D--b101360d656a9bf2c3ddf2b43d3db68cebac32b2
2026-09-05,Phil's Pizza,18:00-21:30,"The Craufurd Arms, Wolverton",52.062451,-0.815673,COLLECTION/SLOTTED,True,True,philspizzeria.hatchesup.app,https://philspizzeria.hatchesup.app/basket/new?r=BAhJIhxodHRwczovL2hhdGNoZXN1cC5jby51awY6BkVU--5942f19e56a10904bb3b3ddfd5089e2be2c9ba2d&st=eyJfcmFpbHMiOnsibWVzc2FnZSI6IkJBaEpJamhuYVdRNkx5OXpZMmhzWlhBdlEyOXNiR1ZqZEdsdmJrZHliM1Z3THpRME9EWTBPRDlsZUhCcGNtVnpYMmx1UFRFNE1EQUdPZ1pGVkE9PSIsImV4cCI6IjIwMjYtMDktMDNUMjE6Mjc6MjMuNjYyWiIsInB1ciI6ImRlZmF1bHQifX0%3D--492242f6b4734f47e433e98c44a6343f2733280e
2026-09-05,Pimp My Fish,16:45-19:45,The Bank Micropub,52.312876714221375,0.056800090429845795,COLLECTION/SLOTTED,True,True,order.pimp-my-fish.co.uk,https://order.pimp-my-fish.co.uk/basket/new?r=BAhJIhxodHRwczovL2hhdGNoZXN1cC5jby51awY6BkVU--5942f19e56a10904bb3b3ddfd5089e2be2c9ba2d&st=eyJfcmFpbHMiOnsibWVzc2FnZSI6IkJBaEpJamhuYVdRNkx5OXpZMmhzWlhBdlEyOXNiR1ZqZEdsdmJrZHliM1Z3THpRME9ESTROajlsZUhCcGNtVnpYMmx1UFRFNE1EQUdPZ1pGVkE9PSIsImV4cCI6IjIwMjYtMDktMDNUMjE6Mjc6MjMuNTc4WiIsInB1ciI6ImRlZmF1bHQifX0%3D--ec0b4f5369c7bfdb87795aa540e1ae071852720e
2026-09-05,Pizza Mondo,11:45-15:00,Pastore Brewery,52.27036418737899,0.1834942614882617,COLLECTION/SLOTTED,True,True,order.pizza-mondo.co.uk,https://order.pizza-mondo.co.uk/basket/new?r=BAhJIhxodHRwczovL2hhdGNoZXN1cC5jby51awY6BkVU--5942f19e56a10904bb3b3ddfd5089e2be2c9ba2d&st=eyJfcmFpbHMiOnsibWVzc2FnZSI6IkJBaEpJamhuYVdRNkx5OXpZMmhzWlhBdlEyOXNiR1ZqZEdsdmJrZHliM1Z3THpRME9ERTJPRDlsZUhCcGNtVnpYMmx1UFRFNE1EQUdPZ1pGVkE9PSIsImV4cCI6IjIwMjYtMDktMDNUMjE6Mjc6MjMuNTk0WiIsInB1ciI6ImRlZmF1bHQifX0%3D--99ba9f289da115525e21e535537be5b180611d00
2026-09-05,Pizza Mondo,16:45-20:00,Waterbeach - Brew & Basket (Urban Brew) ,52.28693713448618,0.1804841589927264,COLLECTION/SLOTTED,True,True,order.pizza-mondo.co.uk,https://order.pizza-mondo.co.uk/basket/new?r=BAhJIhxodHRwczovL2hhdGNoZXN1cC5jby51awY6BkVU--5942f19e56a10904bb3b3ddfd5089e2be2c9ba2d&st=eyJfcmFpbHMiOnsibWVzc2FnZSI6IkJBaEpJamhuYVdRNkx5OXpZMmhzWlhBdlEyOXNiR1ZqZEdsdmJrZHliM1Z3THpRME9ERTRNajlsZUhCcGNtVnpYMmx1UFRFNE1EQUdPZ1pGVkE9PSIsImV4cCI6IjIwMjYtMDktMDNUMjE6Mjc6MjMuNjExWiIsInB1ciI6ImRlZmF1bHQifX0%3D--e4786311c3201e2313beeeed8fccac9976ed2e94
2026-09-05,Prad Thai,12:00-22:00,Pop Brixton,51.46280428680355,-0.11008543951499557,COLLECTION/SLOTTED,True,True,pradthai.hatchesup.app,https://pradthai.hatchesup.app/basket/new?r=BAhJIhxodHRwczovL2hhdGNoZXN1cC5jby51awY6BkVU--5942f19e56a10904bb3b3ddfd5089e2be2c9ba2d&st=eyJfcmFpbHMiOnsibWVzc2FnZSI6IkJBaEpJamhuYVdRNkx5OXpZMmhzWlhBdlEyOXNiR1ZqZEdsdmJrZHliM1Z3THpRMU1UTXlNajlsZUhCcGNtVnpYMmx1UFRFNE1EQUdPZ1pGVkE9PSIsImV4cCI6IjIwMjYtMDktMDNUMjE6Mjc6MjQuMjA3WiIsInB1ciI6ImRlZmF1bHQifX0%3D--807223cb0736099dec1878b23d35a54ae3e852d4
2026-09-05,Rice Kitchen,11:00-16:30,"Grainger Market, Newcastle",54.973516097821616,-1.6109636541030607,COLLECTION/SLOTTED,True,True,ricekitchenncl.hatchesup.app,https://ricekitchenncl.hatchesup.app/basket/new?r=BAhJIhxodHRwczovL2hhdGNoZXN1cC5jby51awY6BkVU--5942f19e56a10904bb3b3ddfd5089e2be2c9ba2d&st=eyJfcmFpbHMiOnsibWVzc2FnZSI6IkJBaEpJamhuYVdRNkx5OXpZMmhzWlhBdlEyOXNiR1ZqZEdsdmJrZHliM1Z3THpRMU1qQTJNajlsZUhCcGNtVnpYMmx1UFRFNE1EQUdPZ1pGVkE9PSIsImV4cCI6IjIwMjYtMDktMDNUMjE6Mjc6MjQuMTE3WiIsInB1ciI6ImRlZmF1bHQifX0%3D--047275df2f4ea43bc68fb9e68ddc2548f0eb4990
2026-09-05,Savannah Smoke & Grill,12:00-22:00,"FOMO Fest, Food Museum, Iliffe Way, Stowmarket IP14 1SL",52.18567031665544,0.9930115784196397,HIDE_PRICES/COLLECTION/SLOTTED,True,True,savannahsmokegrill.hatchesup.app,https://savannahsmokegrill.hatchesup.app/basket/new?r=BAhJIhxodHRwczovL2hhdGNoZXN1cC5jby51awY6BkVU--5942f19e56a10904bb3b3ddfd5089e2be2c9ba2d&st=eyJfcmFpbHMiOnsibWVzc2FnZSI6IkJBaEpJamhuYVdRNkx5OXpZMmhzWlhBdlEyOXNiR1ZqZEdsdmJrZHliM1Z3THpRMU1EYzFPVDlsZUhCcGNtVnpYMmx1UFRFNE1EQUdPZ1pGVkE9PSIsImV4cCI6IjIwMjYtMDktMDNUMjE6Mjc6MjMuOTczWiIsInB1ciI6ImRlZmF1bHQifX0%3D--8b43ad1afa1a3ee8b9e7132c4934ddaa22171e5d
2026-09-05,Smother Spudders,17:00-20:00,"The Stag Inn, Little Easton",51.891469237083996,0.3384684574365668,COLLECTION/SLOTTED,True,True,smotherspudders.hatchesup.app,https://smotherspudders.hatchesup.app/basket/new?r=BAhJIhxodHRwczovL2hhdGNoZXN1cC5jby51awY6BkVU--5942f19e56a10904bb3b3ddfd5089e2be2c9ba2d&st=eyJfcmFpbHMiOnsibWVzc2FnZSI6IkJBaEpJamhuYVdRNkx5OXpZMmhzWlhBdlEyOXNiR1ZqZEdsdmJrZHliM1Z3THpRME9EYzROajlsZUhCcGNtVnpYMmx1UFRFNE1EQUdPZ1pGVkE9PSIsImV4cCI6IjIwMjYtMDktMDNUMjE6Mjc6MjMuODExWiIsInB1ciI6ImRlZmF1bHQifX0%3D--0cc07b196c8f4a6d292e974b5061cc5df812a84f
2026-09-05,Snackwallah,11:30-17:00,Grainger Market,54.97258797272251,-1.6130193262126347,COLLECTION/SLOTTED,True,True,snackwallah.hatchesup.app,https://snackwallah.hatchesup.app/basket/new?r=BAhJIhxodHRwczovL2hhdGNoZXN1cC5jby51awY6BkVU--5942f19e56a10904bb3b3ddfd5089e2be2c9ba2d&st=eyJfcmFpbHMiOnsibWVzc2FnZSI6IkJBaEpJamhuYVdRNkx5OXpZMmhzWlhBdlEyOXNiR1ZqZEdsdmJrZHliM1Z3THpRek1EWTBNajlsZUhCcGNtVnpYMmx1UFRFNE1EQUdPZ1pGVkE9PSIsImV4cCI6IjIwMjYtMDktMDNUMjE6Mjc6MjQuMTAzWiIsInB1ciI6ImRlZmF1bHQifX0%3D--a62b4e4a1d8bb3f8ecdbe5ee5fe9a3c4004a8658
2026-09-05,Sole Luna,17:00-20:00,"Boundary Park, Didcot OX11 6EY",51.60546196588544,-1.2696692825608902,HIDE_PRICES/COLLECTION/SLOTTED,True,True,soleluna.hatchesup.app,https://soleluna.hatchesup.app/basket/new?r=BAhJIhxodHRwczovL2hhdGNoZXN1cC5jby51awY6BkVU--5942f19e56a10904bb3b3ddfd5089e2be2c9ba2d&st=eyJfcmFpbHMiOnsibWVzc2FnZSI6IkJBaEpJamhuYVdRNkx5OXpZMmhzWlhBdlEyOXNiR1ZqZEdsdmJrZHliM1Z3THpRMU16STROajlsZUhCcGNtVnpYMmx1UFRFNE1EQUdPZ1pGVkE9PSIsImV4cCI6IjIwMjYtMDktMDNUMjE6Mjc6MjQuMzYyWiIsInB1ciI6ImRlZmF1bHQifX0%3D--7742b5c1e9902e56ac4a87d137ad59340abab1c2
2026-09-05,Spice & Rice,09:30-18:30,Westfield Stratford,51.54116864912633,0.0035235099243072256,COLLECTION/SLOTTED,True,True,spiceandrice.hatchesup.app,https://spiceandrice.hatchesup.app/basket/new?r=BAhJIhxodHRwczovL2hhdGNoZXN1cC5jby51awY6BkVU--5942f19e56a10904bb3b3ddfd5089e2be2c9ba2d&st=eyJfcmFpbHMiOnsibWVzc2FnZSI6IkJBaEpJamhuYVdRNkx5OXpZMmhzWlhBdlEyOXNiR1ZqZEdsdmJrZHliM1Z3THpRMU1qTXlPVDlsZUhCcGNtVnpYMmx1UFRFNE1EQUdPZ1pGVkE9PSIsImV4cCI6IjIwMjYtMDktMDNUMjE6Mjc6MjQuMTk0WiIsInB1ciI6ImRlZmF1bHQifX0%3D--fcc80b4c7212ac27992fe5637f4c483ae7b09fb9
2026-09-05,Spudalicious,11:30-17:30,MK1 Shopping & Leisure Park,52.01034871113367,-0.7333222612066537,COLLECTION/SLOTTED,True,True,spudaliciousuk.hatchesup.app,https://spudaliciousuk.hatchesup.app/basket/new?r=BAhJIhxodHRwczovL2hhdGNoZXN1cC5jby51awY6BkVU--5942f19e56a10904bb3b3ddfd5089e2be2c9ba2d&st=eyJfcmFpbHMiOnsibWVzc2FnZSI6IkJBaEpJamhuYVdRNkx5OXpZMmhzWlhBdlEyOXNiR1ZqZEdsdmJrZHliM1Z3THpRek5EWTFPRDlsZUhCcGNtVnpYMmx1UFRFNE1EQUdPZ1pGVkE9PSIsImV4cCI6IjIwMjYtMDktMDNUMjE6Mjc6MjQuMDA1WiIsInB1ciI6ImRlZmF1bHQifX0%3D--d26473c6e037b74349b7dd7967d58992454c5b3e
2026-09-05,TEXBBQZ,12:00-23:00,"TEXBBQZ, 714 High Road, Leytonstone, London E11 3AJ",51.56918841400615,0.014814395722679565,COLLECTION/SLOTTED,True,True,texbbqz.hatchesup.app,https://texbbqz.hatchesup.app/basket/new?r=BAhJIhxodHRwczovL2hhdGNoZXN1cC5jby51awY6BkVU--5942f19e56a10904bb3b3ddfd5089e2be2c9ba2d&st=eyJfcmFpbHMiOnsibWVzc2FnZSI6IkJBaEpJamhuYVdRNkx5OXpZMmhzWlhBdlEyOXNiR1ZqZEdsdmJrZHliM1Z3THpRek1qYzBNRDlsZUhCcGNtVnpYMmx1UFRFNE1EQUdPZ1pGVkE9PSIsImV4cCI6IjIwMjYtMDktMDNUMjE6Mjc6MjQuNDQ2WiIsInB1ciI6ImRlZmF1bHQifX0%3D--919bea94013341ab64dc3a03eadd6fdc48099042
2026-09-05,Taste of Cambridge,11:00-15:30,"Market St, Cambridge",52.205647762613744,0.12154900114932128,COLLECTION/SLOTTED,True,True,tasteofcambridgefalafels.hatchesup.app,https://tasteofcambridgefalafels.hatchesup.app/basket/new?r=BAhJIhxodHRwczovL2hhdGNoZXN1cC5jby51awY6BkVU--5942f19e56a10904bb3b3ddfd5089e2be2c9ba2d&st=eyJfcmFpbHMiOnsibWVzc2FnZSI6IkJBaEpJamhuYVdRNkx5OXpZMmhzWlhBdlEyOXNiR1ZqZEdsdmJrZHliM1Z3THpRek5UTTVNajlsZUhCcGNtVnpYMmx1UFRFNE1EQUdPZ1pGVkE9PSIsImV4cCI6IjIwMjYtMDktMDNUMjE6Mjc6MjMuODcxWiIsInB1ciI6ImRlZmF1bHQifX0%3D--8350d97962d884bb4e59ff7e80d5dd94e0d5f498
2026-09-05,The Bucket List,12:00-19:30,"The Bucket List, 9a Hamilton Road, Cromer NR27 9HL",52.93108559132833,1.3003146023904184,HIDE_PRICES/COLLECTION/SLOTTED,True,True,chipbuckets.hatchesup.app,https://chipbuckets.hatchesup.app/basket/new?r=BAhJIhxodHRwczovL2hhdGNoZXN1cC5jby51awY6BkVU--5942f19e56a10904bb3b3ddfd5089e2be2c9ba2d&st=eyJfcmFpbHMiOnsibWVzc2FnZSI6IkJBaEpJamhuYVdRNkx5OXpZMmhzWlhBdlEyOXNiR1ZqZEdsdmJrZHliM1Z3THpRMU16TTNNajlsZUhCcGNtVnpYMmx1UFRFNE1EQUdPZ1pGVkE9PSIsImV4cCI6IjIwMjYtMDktMDNUMjE6Mjc6MjMuODg1WiIsInB1ciI6ImRlZmF1bHQifX0%3D--ed6aa1d2550742bac29bd21f029a6c06d3a3581f
2026-09-05,The House of Dough,10:30-16:00,The House of Dough (shop),52.05527147365396,-0.8497081995052236,COLLECTION/SLOTTED,True,True,thehouseofdough.hatchesup.app,https://thehouseofdough.hatchesup.app/basket/new?r=BAhJIhxodHRwczovL2hhdGNoZXN1cC5jby51awY6BkVU--5942f19e56a10904bb3b3ddfd5089e2be2c9ba2d&st=eyJfcmFpbHMiOnsibWVzc2FnZSI6IkJBaEpJamhuYVdRNkx5OXpZMmhzWlhBdlEyOXNiR1ZqZEdsdmJrZHliM1Z3THpRek5qSTFOajlsZUhCcGNtVnpYMmx1UFRFNE1EQUdPZ1pGVkE9PSIsImV4cCI6IjIwMjYtMDktMDNUMjE6Mjc6MjQuMDE4WiIsInB1ciI6ImRlZmF1bHQifX0%3D--feccd93fd2e920e534ee1610582cbdeb8be58431
2026-09-05,The Pizza Pod,17:00-21:00,"Cowbit Sports Pavilion, Parkin Road, Cowbit, Spalding PE12 6AN",52.7429991081418,-0.13053628816584129,COLLECTION/SLOTTED,True,True,thepizzapod.hatchesup.app,https://thepizzapod.hatchesup.app/basket/new?r=BAhJIhxodHRwczovL2hhdGNoZXN1cC5jby51awY6BkVU--5942f19e56a10904bb3b3ddfd5089e2be2c9ba2d&st=eyJfcmFpbHMiOnsibWVzc2FnZSI6IkJBaEpJamhuYVdRNkx5OXpZMmhzWlhBdlEyOXNiR1ZqZEdsdmJrZHliM1Z3THpRME9UVXdOVDlsZUhCcGNtVnpYMmx1UFRFNE1EQUdPZ1pGVkE9PSIsImV4cCI6IjIwMjYtMDktMDNUMjE6Mjc6MjMuNjk2WiIsInB1ciI6ImRlZmF1bHQifX0%3D--8409b6909d75e2916e84f3276cd128de8463f4bd
2026-09-05,The Yeerologist,11:00-20:00,The Yeerologist @ Eat17,51.86990572349725,0.16153980851487787,COLLECTION/SLOTTED,True,True,theyeerologist.hatchesup.app,https://theyeerologist.hatchesup.app/basket/new?r=BAhJIhxodHRwczovL2hhdGNoZXN1cC5jby51awY6BkVU--5942f19e56a10904bb3b3ddfd5089e2be2c9ba2d&st=eyJfcmFpbHMiOnsibWVzc2FnZSI6IkJBaEpJamhuYVdRNkx5OXpZMmhzWlhBdlEyOXNiR1ZqZEdsdmJrZHliM1Z3THpReU5ESTFOVDlsZUhCcGNtVnpYMmx1UFRFNE1EQUdPZ1pGVkE9PSIsImV4cCI6IjIwMjYtMDktMDNUMjE6Mjc6MjQuMDg3WiIsInB1ciI6ImRlZmF1bHQifX0%3D--e9e423ea40b6176939e69238f80dd9d2d2c1ca23
2026-09-05,Toni's Souvlaki & Gyros,11:00-23:00,Watford Market,51.65715879741769,-0.39697891094918225,COLLECTION/SLOTTED,True,True,tonissouvlaki.hatchesup.app,https://tonissouvlaki.hatchesup.app/basket/new?r=BAhJIhxodHRwczovL2hhdGNoZXN1cC5jby51awY6BkVU--5942f19e56a10904bb3b3ddfd5089e2be2c9ba2d&st=eyJfcmFpbHMiOnsibWVzc2FnZSI6IkJBaEpJamhuYVdRNkx5OXpZMmhzWlhBdlEyOXNiR1ZqZEdsdmJrZHliM1Z3THpRek16a3dOajlsZUhCcGNtVnpYMmx1UFRFNE1EQUdPZ1pGVkE9PSIsImV4cCI6IjIwMjYtMDktMDNUMjE6Mjc6MjQuMDMxWiIsInB1ciI6ImRlZmF1bHQifX0%3D--0454af987b36e2ddaf9fc31a64487a28b8217586
2026-09-05,Warwick Bridge Corn Mill,09:00-14:00,"Carlisle Farmers' Market, Carlisle Cathedral, The Abbey, Carlisle, Cumbria CA3 8TZ",54.8941257845482,-2.9379742390006136,COLLECTION/SLOTTED,True,True,warwickbridgecornmill.hatchesup.app,https://warwickbridgecornmill.hatchesup.app/basket/new?r=BAhJIhxodHRwczovL2hhdGNoZXN1cC5jby51awY6BkVU--5942f19e56a10904bb3b3ddfd5089e2be2c9ba2d&st=eyJfcmFpbHMiOnsibWVzc2FnZSI6IkJBaEpJamhuYVdRNkx5OXpZMmhzWlhBdlEyOXNiR1ZqZEdsdmJrZHliM1Z3THpNNE1qWTNOVDlsZUhCcGNtVnpYMmx1UFRFNE1EQUdPZ1pGVkE9PSIsImV4cCI6IjIwMjYtMDktMDNUMjE6Mjc6MjQuMzgyWiIsInB1ciI6ImRlZmF1bHQifX0%3D--1a3518332fa161feb9cad9d056532aac46ba73fd
2026-09-05,Zaket Potato,12:00-20:00,10 Dereham Rd,52.631564958336995,1.2861645465658733,COLLECTION/SLOTTED,True,True,zaketpotato.hatchesup.app,https://zaketpotato.hatchesup.app/basket/new?r=BAhJIhxodHRwczovL2hhdGNoZXN1cC5jby51awY6BkVU--5942f19e56a10904bb3b3ddfd5089e2be2c9ba2d&st=eyJfcmFpbHMiOnsibWVzc2FnZSI6IkJBaEpJamhuYVdRNkx5OXpZMmhzWlhBdlEyOXNiR1ZqZEdsdmJrZHliM1Z3THpRek9UazBPRDlsZUhCcGNtVnpYMmx1UFRFNE1EQUdPZ1pGVkE9PSIsImV4cCI6IjIwMjYtMDktMDNUMjE6Mjc6MjMuODI0WiIsInB1ciI6ImRlZmF1bHQifX0%3D--01a00304640041be62607ed0b94824f32929a702
2026-09-06,A Good Egg,10:00-14:00,"Marylebone Farmers' Market, Cramer Street Car Park, London W1U 4EW",51.519417691453825,-0.1506149573897586,COLLECTION/SLOTTED,True,True,agoodegg.hatchesup.app,https://agoodegg.hatchesup.app/basket/new?r=BAhJIhxodHRwczovL2hhdGNoZXN1cC5jby51awY6BkVU--5942f19e56a10904bb3b3ddfd5089e2be2c9ba2d&st=eyJfcmFpbHMiOnsibWVzc2FnZSI6IkJBaEpJamhuYVdRNkx5OXpZMmhzWlhBdlEyOXNiR1ZqZEdsdmJrZHliM1Z3THpReU5qSXpOejlsZUhCcGNtVnpYMmx1UFRFNE1EQUdPZ1pGVkE9PSIsImV4cCI6IjIwMjYtMDktMDNUMjE6Mjc6MjQuNjIxWiIsInB1ciI6ImRlZmF1bHQifX0%3D--fca686e765459db3f79dcbe9248fcbdcf20f38f2
2026-09-06,Al Chile,13:00-21:30,Station Square,52.1943842680965,0.13822195536682358,COLLECTION/SLOTTED,True,True,mexicanpinktruck.hatchesup.app,https://mexicanpinktruck.hatchesup.app/basket/new?r=BAhJIhxodHRwczovL2hhdGNoZXN1cC5jby51awY6BkVU--5942f19e56a10904bb3b3ddfd5089e2be2c9ba2d&st=eyJfcmFpbHMiOnsibWVzc2FnZSI6IkJBaEpJamhuYVdRNkx5OXpZMmhzWlhBdlEyOXNiR1ZqZEdsdmJrZHliM1Z3THpRek56VXhORDlsZUhCcGNtVnpYMmx1UFRFNE1EQUdPZ1pGVkE9PSIsImV4cCI6IjIwMjYtMDktMDNUMjE6Mjc6MjQuNTYwWiIsInB1ciI6ImRlZmF1bHQifX0%3D--9047a0e4c975618a01de2b444f6a94caa3e954e4
2026-09-06,Amen Catering,11:00-16:00,"Maltby Street Market, Ropewalk, Bermondsey, London SE1 3PA",51.49859742907761,-0.07406580855960072,HIDE_PRICES/COLLECTION/SLOTTED,True,True,amencatering.hatchesup.app,https://amencatering.hatchesup.app/basket/new?r=BAhJIhxodHRwczovL2hhdGNoZXN1cC5jby51awY6BkVU--5942f19e56a10904bb3b3ddfd5089e2be2c9ba2d&st=eyJfcmFpbHMiOnsibWVzc2FnZSI6IkJBaEpJamhuYVdRNkx5OXpZMmhzWlhBdlEyOXNiR1ZqZEdsdmJrZHliM1Z3THpRek5qYzRNVDlsZUhCcGNtVnpYMmx1UFRFNE1EQUdPZ1pGVkE9PSIsImV4cCI6IjIwMjYtMDktMDNUMjE6Mjc6MjUuMDE3WiIsInB1ciI6ImRlZmF1bHQifX0%3D--68b79c244452b19822cf2bac4a4f53369eed1e46
2026-09-06,BabTooma Express,11:00-20:00,Darley Street Market,53.79580180316677,-1.7538697554462181,COLLECTION/SLOTTED,True,True,babtooma.hatchesup.app,https://babtooma.hatchesup.app/basket/new?r=BAhJIhxodHRwczovL2hhdGNoZXN1cC5jby51awY6BkVU--5942f19e56a10904bb3b3ddfd5089e2be2c9ba2d&st=eyJfcmFpbHMiOnsibWVzc2FnZSI6IkJBaEpJamhuYVdRNkx5OXpZMmhzWlhBdlEyOXNiR1ZqZEdsdmJrZHliM1Z3THpRek1UVTJPVDlsZUhCcGNtVnpYMmx1UFRFNE1EQUdPZ1pGVkE9PSIsImV4cCI6IjIwMjYtMDktMDNUMjE6Mjc6MjQuNzk2WiIsInB1ciI6ImRlZmF1bHQifX0%3D--7f2e2e80fe9b4f3996a329351256feb5f8ef9ee4
2026-09-06,Beardus Burger,17:00-23:30,A38 Last Exit,52.5077273307796,-1.84796201084773,COLLECTION/SLOTTED,True,True,beardusburger.hatchesup.app,https://beardusburger.hatchesup.app/basket/new?r=BAhJIhxodHRwczovL2hhdGNoZXN1cC5jby51awY6BkVU--5942f19e56a10904bb3b3ddfd5089e2be2c9ba2d&st=eyJfcmFpbHMiOnsibWVzc2FnZSI6IkJBaEpJamhuYVdRNkx5OXpZMmhzWlhBdlEyOXNiR1ZqZEdsdmJrZHliM1Z3THpRek9EUXlNajlsZUhCcGNtVnpYMmx1UFRFNE1EQUdPZ1pGVkE9PSIsImV4cCI6IjIwMjYtMDktMDNUMjE6Mjc6MjQuODEzWiIsInB1ciI6ImRlZmF1bHQifX0%3D--2ee067fec77cd7a81089f860f57df07ba56ef03f
2026-09-06,Between Buns Royston,12:00-19:00,"11 Kneesworth St, Royston SG8 5AA",52.04844897964053,-0.02266450723926906,COLLECTION/SLOTTED,True,True,betweenbunsroyston.hatchesup.app,https://betweenbunsroyston.hatchesup.app/basket/new?r=BAhJIhxodHRwczovL2hhdGNoZXN1cC5jby51awY6BkVU--5942f19e56a10904bb3b3ddfd5089e2be2c9ba2d&st=eyJfcmFpbHMiOnsibWVzc2FnZSI6IkJBaEpJamhuYVdRNkx5OXpZMmhzWlhBdlEyOXNiR1ZqZEdsdmJrZHliM1Z3THpRME1UQTVOVDlsZUhCcGNtVnpYMmx1UFRFNE1EQUdPZ1pGVkE9PSIsImV4cCI6IjIwMjYtMDktMDNUMjE6Mjc6MjQuNDYyWiIsInB1ciI6ImRlZmF1bHQifX0%3D--42e57f5cc25d9f7cca9ae043d989b03397e5f8b5
2026-09-06,Broadside Pizza,16:00-19:00,"Aldborough Community Centre, The Green, Aldborough NR11 7AA",52.86129313882234,1.245716310811913,HIDE_PRICES/COLLECTION/SLOTTED,True,True,broadsidepizza.hatchesup.app,https://broadsidepizza.hatchesup.app/basket/new?r=BAhJIhxodHRwczovL2hhdGNoZXN1cC5jby51awY6BkVU--5942f19e56a10904bb3b3ddfd5089e2be2c9ba2d&st=eyJfcmFpbHMiOnsibWVzc2FnZSI6IkJBaEpJamhuYVdRNkx5OXpZMmhzWlhBdlEyOXNiR1ZqZEdsdmJrZHliM1Z3THpRME9UWTBNVDlsZUhCcGNtVnpYMmx1UFRFNE1EQUdPZ1pGVkE9PSIsImV4cCI6IjIwMjYtMDktMDNUMjE6Mjc6MjQuNzEzWiIsInB1ciI6ImRlZmF1bHQifX0%3D--02ba1a3e94fd12db5cf6b090aa9f59c2c35abf41
2026-09-06,Carne Street Food,11:00-18:00,"Canopy Market, Kings Cross",51.535193321521476,-0.12237411292197707,HIDE_PRICES/COLLECTION/SLOTTED,True,True,carnestreetfood.hatchesup.app,https://carnestreetfood.hatchesup.app/basket/new?r=BAhJIhxodHRwczovL2hhdGNoZXN1cC5jby51awY6BkVU--5942f19e56a10904bb3b3ddfd5089e2be2c9ba2d&st=eyJfcmFpbHMiOnsibWVzc2FnZSI6IkJBaEpJamhuYVdRNkx5OXpZMmhzWlhBdlEyOXNiR1ZqZEdsdmJrZHliM1Z3THpRMU16QTBNRDlsZUhCcGNtVnpYMmx1UFRFNE1EQUdPZ1pGVkE9PSIsImV4cCI6IjIwMjYtMDktMDNUMjE6Mjc6MjQuNjM4WiIsInB1ciI6ImRlZmF1bHQifX0%3D--033b6fbab46cca624f6335fd2363cececcb74d4f
2026-09-06,Clumsies,17:30-20:00,Mrs Salisburys Carpark,51.77840151464219,0.6756063178461756,COLLECTION/SLOTTED,True,True,clumsies.hatchesup.app,https://clumsies.hatchesup.app/basket/new?r=BAhJIhxodHRwczovL2hhdGNoZXN1cC5jby51awY6BkVU--5942f19e56a10904bb3b3ddfd5089e2be2c9ba2d&st=eyJfcmFpbHMiOnsibWVzc2FnZSI6IkJBaEpJamhuYVdRNkx5OXpZMmhzWlhBdlEyOXNiR1ZqZEdsdmJrZHliM1Z3THpRek5UQTJOejlsZUhCcGNtVnpYMmx1UFRFNE1EQUdPZ1pGVkE9PSIsImV4cCI6IjIwMjYtMDktMDNUMjE6Mjc6MjQuNTQ2WiIsInB1ciI6ImRlZmF1bHQifX0%3D--423b48a096a0853bc97cf882582cb200973d09ad
2026-09-06,Dirty Fryer Boys,17:00-20:00,"The Queens Head, Earsham",52.45032706713519,1.4175137978272532,COLLECTION/SLOTTED,True,True,dirtyfryerboys.hatchesup.app,https://dirtyfryerboys.hatchesup.app/basket/new?r=BAhJIhxodHRwczovL2hhdGNoZXN1cC5jby51awY6BkVU--5942f19e56a10904bb3b3ddfd5089e2be2c9ba2d&st=eyJfcmFpbHMiOnsibWVzc2FnZSI6IkJBaEpJamhuYVdRNkx5OXpZMmhzWlhBdlEyOXNiR1ZqZEdsdmJrZHliM1Z3THpRMU1ESXhNVDlsZUhCcGNtVnpYMmx1UFRFNE1EQUdPZ1pGVkE9PSIsImV4cCI6IjIwMjYtMDktMDNUMjE6Mjc6MjQuNjA1WiIsInB1ciI6ImRlZmF1bHQifX0%3D--ce2eff242639ee1478ec4b80e2ea5a13a38d2da2
2026-09-06,Doodle Donuts,10:00-16:00,"Bury St Edmunds Makers Market, Cornhill IP33 1BT",52.24508528917104,0.7138789950317543,COLLECTION/SLOTTED,True,True,doodledonuts.hatchesup.app,https://doodledonuts.hatchesup.app/basket/new?r=BAhJIhxodHRwczovL2hhdGNoZXN1cC5jby51awY6BkVU--5942f19e56a10904bb3b3ddfd5089e2be2c9ba2d&st=eyJfcmFpbHMiOnsibWVzc2FnZSI6IkJBaEpJamhuYVdRNkx5OXpZMmhzWlhBdlEyOXNiR1ZqZEdsdmJrZHliM1Z3THpReE16QXpPVDlsZUhCcGNtVnpYMmx1UFRFNE1EQUdPZ1pGVkE9PSIsImV4cCI6IjIwMjYtMDktMDNUMjE6Mjc6MjQuNzM2WiIsInB1ciI6ImRlZmF1bHQifX0%3D--c2374b3a9654665d339ab17365a883e537f52cde
2026-09-06,East Coast Pizza Company,12:00-20:00,"Chapelfield Gardens, Chapelfield East, Norwich NR2 1NY",52.62799946846586,1.2892083292537764,COLLECTION/SLOTTED,True,True,eastcoastpizzacompany.hatchesup.app,https://eastcoastpizzacompany.hatchesup.app/basket/new?r=BAhJIhxodHRwczovL2hhdGNoZXN1cC5jby51awY6BkVU--5942f19e56a10904bb3b3ddfd5089e2be2c9ba2d&st=eyJfcmFpbHMiOnsibWVzc2FnZSI6IkJBaEpJamhuYVdRNkx5OXpZMmhzWlhBdlEyOXNiR1ZqZEdsdmJrZHliM1Z3THpRME9UUTFOVDlsZUhCcGNtVnpYMmx1UFRFNE1EQUdPZ1pGVkE9PSIsImV4cCI6IjIwMjYtMDktMDNUMjE6Mjc6MjQuNDc4WiIsInB1ciI6ImRlZmF1bHQifX0%3D--c78f7defe8c78953d09916f33374e19de5c52257
2026-09-06,Fully Loaded Fries,12:00-20:00,"The Oaksmere, Rectory Road, Brome, Eye IP23 8AJ",52.344107238211926,1.1398193314409217,COLLECTION/SLOTTED,True,True,fullyloadedfries.hatchesup.app,https://fullyloadedfries.hatchesup.app/basket/new?r=BAhJIhxodHRwczovL2hhdGNoZXN1cC5jby51awY6BkVU--5942f19e56a10904bb3b3ddfd5089e2be2c9ba2d&st=eyJfcmFpbHMiOnsibWVzc2FnZSI6IkJBaEpJamhuYVdRNkx5OXpZMmhzWlhBdlEyOXNiR1ZqZEdsdmJrZHliM1Z3THpRMU1EUTVNVDlsZUhCcGNtVnpYMmx1UFRFNE1EQUdPZ1pGVkE9PSIsImV4cCI6IjIwMjYtMDktMDNUMjE6Mjc6MjQuNTEzWiIsInB1ciI6ImRlZmF1bHQifX0%3D--22f0079229d4f295ef9b2d814da1cc716bff3245
2026-09-06,Goldee's Bagels,09:00-16:00,"Shambles Market, York",53.959698327489846,-1.078798749143823,COLLECTION/SLOTTED,True,True,goldeesbagels.hatchesup.app,https://goldeesbagels.hatchesup.app/basket/new?r=BAhJIhxodHRwczovL2hhdGNoZXN1cC5jby51awY6BkVU--5942f19e56a10904bb3b3ddfd5089e2be2c9ba2d&st=eyJfcmFpbHMiOnsibWVzc2FnZSI6IkJBaEpJamhuYVdRNkx5OXpZMmhzWlhBdlEyOXNiR1ZqZEdsdmJrZHliM1Z3THpRMU1UQTNNajlsZUhCcGNtVnpYMmx1UFRFNE1EQUdPZ1pGVkE9PSIsImV4cCI6IjIwMjYtMDktMDNUMjE6Mjc6MjQuODgyWiIsInB1ciI6ImRlZmF1bHQifX0%3D--e4663bfc37db1712ee59faa20f4c231c3196545f
2026-09-06,Green Choy,12:00-23:00,"Green Choy, Maison Noor, Ilford",51.55782355880592,0.0749974233762525,COLLECTION/SLOTTED,True,True,greenchoykorean.hatchesup.app,https://greenchoykorean.hatchesup.app/basket/new?r=BAhJIhxodHRwczovL2hhdGNoZXN1cC5jby51awY6BkVU--5942f19e56a10904bb3b3ddfd5089e2be2c9ba2d&st=eyJfcmFpbHMiOnsibWVzc2FnZSI6IkJBaEpJamhuYVdRNkx5OXpZMmhzWlhBdlEyOXNiR1ZqZEdsdmJrZHliM1Z3THpReU56STJOajlsZUhCcGNtVnpYMmx1UFRFNE1EQUdPZ1pGVkE9PSIsImV4cCI6IjIwMjYtMDktMDNUMjE6Mjc6MjQuOTMxWiIsInB1ciI6ImRlZmF1bHQifX0%3D--236fc88f265c289e1f2987bad00e5bc17c13d8f4
2026-09-06,Green Choy,11:00-22:00,"Green Choy, Mercato Metropolitano Elephant & Castle",51.49794316477026,-0.09678774963472865,COLLECTION/SLOTTED,True,True,greenchoykorean.hatchesup.app,https://greenchoykorean.hatchesup.app/basket/new?r=BAhJIhxodHRwczovL2hhdGNoZXN1cC5jby51awY6BkVU--5942f19e56a10904bb3b3ddfd5089e2be2c9ba2d&st=eyJfcmFpbHMiOnsibWVzc2FnZSI6IkJBaEpJamhuYVdRNkx5OXpZMmhzWlhBdlEyOXNiR1ZqZEdsdmJrZHliM1Z3THpReU9EWXhOajlsZUhCcGNtVnpYMmx1UFRFNE1EQUdPZ1pGVkE9PSIsImV4cCI6IjIwMjYtMDktMDNUMjE6Mjc6MjQuOTQ4WiIsInB1ciI6ImRlZmF1bHQifX0%3D--d8209d971962dcd08a480c99ad531f9f7c322c75
2026-09-06,Green Choy,12:00-19:30,"Green Choy, Tooting Market",51.428510940283644,-0.16494930778979333,COLLECTION/SLOTTED,True,True,greenchoykorean.hatchesup.app,https://greenchoykorean.hatchesup.app/basket/new?r=BAhJIhxodHRwczovL2hhdGNoZXN1cC5jby51awY6BkVU--5942f19e56a10904bb3b3ddfd5089e2be2c9ba2d&st=eyJfcmFpbHMiOnsibWVzc2FnZSI6IkJBaEpJamhuYVdRNkx5OXpZMmhzWlhBdlEyOXNiR1ZqZEdsdmJrZHliM1Z3THpReU5Ua3dNejlsZUhCcGNtVnpYMmx1UFRFNE1EQUdPZ1pGVkE9PSIsImV4cCI6IjIwMjYtMDktMDNUMjE6Mjc6MjQuOTE1WiIsInB1ciI6ImRlZmF1bHQifX0%3D--89baa845aa9f6aabb232552d0dc99413cd9fa96d
2026-09-06,Hot Bird,12:00-20:30,Market Place Hounslow,51.46735843192258,-0.36387034285270703,COLLECTION/SLOTTED,True,True,hotbird.hatchesup.app,https://hotbird.hatchesup.app/basket/new?r=BAhJIhxodHRwczovL2hhdGNoZXN1cC5jby51awY6BkVU--5942f19e56a10904bb3b3ddfd5089e2be2c9ba2d&st=eyJfcmFpbHMiOnsibWVzc2FnZSI6IkJBaEpJamhuYVdRNkx5OXpZMmhzWlhBdlEyOXNiR1ZqZEdsdmJrZHliM1Z3THpReU16YzVOajlsZUhCcGNtVnpYMmx1UFRFNE1EQUdPZ1pGVkE9PSIsImV4cCI6IjIwMjYtMDktMDNUMjE6Mjc6MjQuOTgwWiIsInB1ciI6ImRlZmF1bHQifX0%3D--4d6e7bce6c3ce347d9e8c0e9c9159a8c69e55e6c
2026-09-06,Kaya Thai Street Food,10:00-17:00,"Love Lane Food Theatre, Nantwich Food Festival, Nantwich CW5 5DG",53.06791771394208,-2.519207164780602,HIDE_PRICES/COLLECTION/SLOTTED,True,True,kayathai.hatchesup.app,https://kayathai.hatchesup.app/basket/new?r=BAhJIhxodHRwczovL2hhdGNoZXN1cC5jby51awY6BkVU--5942f19e56a10904bb3b3ddfd5089e2be2c9ba2d&st=eyJfcmFpbHMiOnsibWVzc2FnZSI6IkJBaEpJamhuYVdRNkx5OXpZMmhzWlhBdlEyOXNiR1ZqZEdsdmJrZHliM1Z3THpRME9USXpNejlsZUhCcGNtVnpYMmx1UFRFNE1EQUdPZ1pGVkE9PSIsImV4cCI6IjIwMjYtMDktMDNUMjE6Mjc6MjQuODY0WiIsInB1ciI6ImRlZmF1bHQifX0%3D--3f5d1214e4841cd875f50d42129572f545f03cf3
2026-09-06,Kerbside Kitchen,11:00-17:45,"Kerbside Kitchen, Cromer",52.93141941204113,1.3012480345261939,HIDE_PRICES/COLLECTION/SLOTTED,True,True,kerbsidekitchen.hatchesup.app,https://kerbsidekitchen.hatchesup.app/basket/new?r=BAhJIhxodHRwczovL2hhdGNoZXN1cC5jby51awY6BkVU--5942f19e56a10904bb3b3ddfd5089e2be2c9ba2d&st=eyJfcmFpbHMiOnsibWVzc2FnZSI6IkJBaEpJamhuYVdRNkx5OXpZMmhzWlhBdlEyOXNiR1ZqZEdsdmJrZHliM1Z3THpReU1qa3lOajlsZUhCcGNtVnpYMmx1UFRFNE1EQUdPZ1pGVkE9PSIsImV4cCI6IjIwMjYtMDktMDNUMjE6Mjc6MjQuNTMxWiIsInB1ciI6ImRlZmF1bHQifX0%3D--5a02b4b7daf464afd8b048059f947a57a62717c9
2026-09-06,Kushi London,12:00-18:00,Old Spitalfields Market,51.51929141182023,-0.07404331134372141,HIDE_PRICES/COLLECTION/SLOTTED,True,True,kushilondon.hatchesup.app,https://kushilondon.hatchesup.app/basket/new?r=BAhJIhxodHRwczovL2hhdGNoZXN1cC5jby51awY6BkVU--5942f19e56a10904bb3b3ddfd5089e2be2c9ba2d&st=eyJfcmFpbHMiOnsibWVzc2FnZSI6IkJBaEpJamhuYVdRNkx5OXpZMmhzWlhBdlEyOXNiR1ZqZEdsdmJrZHliM1Z3THpReU5EYzRNRDlsZUhCcGNtVnpYMmx1UFRFNE1EQUdPZ1pGVkE9PSIsImV4cCI6IjIwMjYtMDktMDNUMjE6Mjc6MjUuMDAyWiIsInB1ciI6ImRlZmF1bHQifX0%3D--455777dd820c0387dafacf5de5707f0d5d021159
2026-09-06,Meat Point,11:00-18:00,Camden Stables Market,51.541831129005246,-0.14615824301484093,HIDE_PRICES/COLLECTION/SLOTTED,True,True,meatpoint.hatchesup.app,https://meatpoint.hatchesup.app/basket/new?r=BAhJIhxodHRwczovL2hhdGNoZXN1cC5jby51awY6BkVU--5942f19e56a10904bb3b3ddfd5089e2be2c9ba2d&st=eyJfcmFpbHMiOnsibWVzc2FnZSI6IkJBaEpJamhuYVdRNkx5OXpZMmhzWlhBdlEyOXNiR1ZqZEdsdmJrZHliM1Z3THpReE9EZzROajlsZUhCcGNtVnpYMmx1UFRFNE1EQUdPZ1pGVkE9PSIsImV4cCI6IjIwMjYtMDktMDNUMjE6Mjc6MjQuOTY0WiIsInB1ciI6ImRlZmF1bHQifX0%3D--6fa0baccc263214979643ddbcc4ce29ef0770a4f
2026-09-06,Morty's Focacceria,12:00-21:00,White Cloth Hall,53.795311961038614,-1.5389447023425797,COLLECTION/SLOTTED,True,True,mortys.hatchesup.app,https://mortys.hatchesup.app/basket/new?r=BAhJIhxodHRwczovL2hhdGNoZXN1cC5jby51awY6BkVU--5942f19e56a10904bb3b3ddfd5089e2be2c9ba2d&st=eyJfcmFpbHMiOnsibWVzc2FnZSI6IkJBaEpJamhuYVdRNkx5OXpZMmhzWlhBdlEyOXNiR1ZqZEdsdmJrZHliM1Z3THpReU5URTRORDlsZUhCcGNtVnpYMmx1UFRFNE1EQUdPZ1pGVkE9PSIsImV4cCI6IjIwMjYtMDktMDNUMjE6Mjc6MjQuODMwWiIsInB1ciI6ImRlZmF1bHQifX0%3D--a2bc5dbc40ea53337a38f4b86f422227d1c9770a
2026-09-06,Perky Beans,08:00-12:00,Great Paxton Farmers Track,52.255441842899614,-0.2100453655583496,HIDE_PRICES/COLLECTION/SLOTTED,True,True,perkybeans.hatchesup.app,https://perkybeans.hatchesup.app/basket/new?r=BAhJIhxodHRwczovL2hhdGNoZXN1cC5jby51awY6BkVU--5942f19e56a10904bb3b3ddfd5089e2be2c9ba2d&st=eyJfcmFpbHMiOnsibWVzc2FnZSI6IkJBaEpJamhuYVdRNkx5OXpZMmhzWlhBdlEyOXNiR1ZqZEdsdmJrZHliM1Z3THpNek56VTFOVDlsZUhCcGNtVnpYMmx1UFRFNE1EQUdPZ1pGVkE9PSIsImV4cCI6IjIwMjYtMDktMDNUMjE6Mjc6MjQuNzU4WiIsInB1ciI6ImRlZmF1bHQifX0%3D--9143f422f63141710cabb77403f25fe45f07d664
2026-09-06,Prad Thai,12:00-22:00,Pop Brixton,51.46280428680355,-0.11008543951499557,COLLECTION/SLOTTED,True,True,pradthai.hatchesup.app,https://pradthai.hatchesup.app/basket/new?r=BAhJIhxodHRwczovL2hhdGNoZXN1cC5jby51awY6BkVU--5942f19e56a10904bb3b3ddfd5089e2be2c9ba2d&st=eyJfcmFpbHMiOnsibWVzc2FnZSI6IkJBaEpJamhuYVdRNkx5OXpZMmhzWlhBdlEyOXNiR1ZqZEdsdmJrZHliM1Z3THpRMU1UTTJNejlsZUhCcGNtVnpYMmx1UFRFNE1EQUdPZ1pGVkE9PSIsImV4cCI6IjIwMjYtMDktMDNUMjE6Mjc6MjQuODk3WiIsInB1ciI6ImRlZmF1bHQifX0%3D--ed2fb1e7dc6a52ce458cd52b7735e2044776ea71
2026-09-06,Redhead's Mac 'N' Cheese,10:30-16:00,Quayside Sunday Market,54.969176312888564,-1.6029600882210988,COLLECTION/SLOTTED,True,True,redheadsmacncheese.hatchesup.app,https://redheadsmacncheese.hatchesup.app/basket/new?r=BAhJIhxodHRwczovL2hhdGNoZXN1cC5jby51awY6BkVU--5942f19e56a10904bb3b3ddfd5089e2be2c9ba2d&st=eyJfcmFpbHMiOnsibWVzc2FnZSI6IkJBaEpJamhuYVdRNkx5OXpZMmhzWlhBdlEyOXNiR1ZqZEdsdmJrZHliM1Z3THpRMU1UazVNejlsZUhCcGNtVnpYMmx1UFRFNE1EQUdPZ1pGVkE9PSIsImV4cCI6IjIwMjYtMDktMDNUMjE6Mjc6MjQuNjU0WiIsInB1ciI6ImRlZmF1bHQifX0%3D--9fa8c30610a28b313035bdfc357e084d20fe650e
2026-09-06,Savannah Smoke & Grill,12:00-20:00,"Trinity Park, Felixstowe Road, Ipswich IP3 8UH",52.03227725451762,1.2249249465034382,HIDE_PRICES/COLLECTION/SLOTTED,True,True,savannahsmokegrill.hatchesup.app,https://savannahsmokegrill.hatchesup.app/basket/new?r=BAhJIhxodHRwczovL2hhdGNoZXN1cC5jby51awY6BkVU--5942f19e56a10904bb3b3ddfd5089e2be2c9ba2d&st=eyJfcmFpbHMiOnsibWVzc2FnZSI6IkJBaEpJamhuYVdRNkx5OXpZMmhzWlhBdlEyOXNiR1ZqZEdsdmJrZHliM1Z3THpRMU1EVTVNRDlsZUhCcGNtVnpYMmx1UFRFNE1EQUdPZ1pGVkE9PSIsImV4cCI6IjIwMjYtMDktMDNUMjE6Mjc6MjQuNjk3WiIsInB1ciI6ImRlZmF1bHQifX0%3D--c4e7a82995a58034fde193399ed5d63547823b3e
2026-09-06,TEXBBQZ,12:00-23:00,"TEXBBQZ, 714 High Road, Leytonstone, London E11 3AJ",51.56918841400615,0.014814395722679565,COLLECTION/SLOTTED,True,True,texbbqz.hatchesup.app,https://texbbqz.hatchesup.app/basket/new?r=BAhJIhxodHRwczovL2hhdGNoZXN1cC5jby51awY6BkVU--5942f19e56a10904bb3b3ddfd5089e2be2c9ba2d&st=eyJfcmFpbHMiOnsibWVzc2FnZSI6IkJBaEpJamhuYVdRNkx5OXpZMmhzWlhBdlEyOXNiR1ZqZEdsdmJrZHliM1Z3THpRek1qYzROVDlsZUhCcGNtVnpYMmx1UFRFNE1EQUdPZ1pGVkE9PSIsImV4cCI6IjIwMjYtMDktMDNUMjE6Mjc6MjUuMDMxWiIsInB1ciI6ImRlZmF1bHQifX0%3D--81999b4b2d9cc67352cd6468d3b73fcbbab28f26
2026-09-06,Taste of Cambridge,11:00-15:30,"Market St, Cambridge",52.205647762613744,0.12154900114932128,COLLECTION/SLOTTED,True,True,tasteofcambridgefalafels.hatchesup.app,https://tasteofcambridgefalafels.hatchesup.app/basket/new?r=BAhJIhxodHRwczovL2hhdGNoZXN1cC5jby51awY6BkVU--5942f19e56a10904bb3b3ddfd5089e2be2c9ba2d&st=eyJfcmFpbHMiOnsibWVzc2FnZSI6IkJBaEpJamhuYVdRNkx5OXpZMmhzWlhBdlEyOXNiR1ZqZEdsdmJrZHliM1Z3THpRek5UUXhNVDlsZUhCcGNtVnpYMmx1UFRFNE1EQUdPZ1pGVkE9PSIsImV4cCI6IjIwMjYtMDktMDNUMjE6Mjc6MjQuNTc0WiIsInB1ciI6ImRlZmF1bHQifX0%3D--7e8664af5452b27016e1253d85040108640f41e5
2026-09-06,The Bucket List,12:00-19:30,"The Bucket List, 9a Hamilton Road, Cromer NR27 9HL",52.93108559132833,1.3003146023904184,HIDE_PRICES/COLLECTION/SLOTTED,True,True,chipbuckets.hatchesup.app,https://chipbuckets.hatchesup.app/basket/new?r=BAhJIhxodHRwczovL2hhdGNoZXN1cC5jby51awY6BkVU--5942f19e56a10904bb3b3ddfd5089e2be2c9ba2d&st=eyJfcmFpbHMiOnsibWVzc2FnZSI6IkJBaEpJamhuYVdRNkx5OXpZMmhzWlhBdlEyOXNiR1ZqZEdsdmJrZHliM1Z3THpRMU16UXdNejlsZUhCcGNtVnpYMmx1UFRFNE1EQUdPZ1pGVkE9PSIsImV4cCI6IjIwMjYtMDktMDNUMjE6Mjc6MjQuNTg5WiIsInB1ciI6ImRlZmF1bHQifX0%3D--4576ee9169b01d229083d414d95ec94da9dece1f
2026-09-06,The Koalaty Bakery Co.,10:00-16:00,"Lichfield Producers' Market, Market Square, Lichfield, Staffordshire WS13 6LG",52.683028141975576,-1.826435040253084,COLLECTION/SLOTTED,True,True,koalatybakery.hatchesup.app,https://koalatybakery.hatchesup.app/basket/new?r=BAhJIhxodHRwczovL2hhdGNoZXN1cC5jby51awY6BkVU--5942f19e56a10904bb3b3ddfd5089e2be2c9ba2d&st=eyJfcmFpbHMiOnsibWVzc2FnZSI6IkJBaEpJamhuYVdRNkx5OXpZMmhzWlhBdlEyOXNiR1ZqZEdsdmJrZHliM1Z3THpRME5qSXpNVDlsZUhCcGNtVnpYMmx1UFRFNE1EQUdPZ1pGVkE9PSIsImV4cCI6IjIwMjYtMDktMDNUMjE6Mjc6MjUuMDQ3WiIsInB1ciI6ImRlZmF1bHQifX0%3D--81c09ed75fd1ed3bdfd0c8e3b59ef5480de1f823
2026-09-06,The Pizza Rocket,10:00-15:00,"Frome Independent Market, Catherine Hill / town centre, Frome BA11 1BB",51.23256942326117,-2.3181283441487768,HIDE_PRICES/COLLECTION/SLOTTED,True,True,thepizzarocket.hatchesup.app,https://thepizzarocket.hatchesup.app/basket/new?r=BAhJIhxodHRwczovL2hhdGNoZXN1cC5jby51awY6BkVU--5942f19e56a10904bb3b3ddfd5089e2be2c9ba2d&st=eyJfcmFpbHMiOnsibWVzc2FnZSI6IkJBaEpJamhuYVdRNkx5OXpZMmhzWlhBdlEyOXNiR1ZqZEdsdmJrZHliM1Z3THpNek1qZ3pOejlsZUhCcGNtVnpYMmx1UFRFNE1EQUdPZ1pGVkE9PSIsImV4cCI6IjIwMjYtMDktMDNUMjE6Mjc6MjQuNjc2WiIsInB1ciI6ImRlZmF1bHQifX0%3D--54ac78a0d54a2bc0bd6d3c81230cf78c4f0365e7
2026-09-06,The Rub BBQ,11:00-15:00,"Middleton Pavilion, Worrelle Avenue, Middleton, Milton Keynes MK10 9AD",52.04322379447297,-0.6986190676319661,COLLECTION/SLOTTED,True,True,therubbbq.hatchesup.app,https://therubbbq.hatchesup.app/basket/new?r=BAhJIhxodHRwczovL2hhdGNoZXN1cC5jby51awY6BkVU--5942f19e56a10904bb3b3ddfd5089e2be2c9ba2d&st=eyJfcmFpbHMiOnsibWVzc2FnZSI6IkJBaEpJamhuYVdRNkx5OXpZMmhzWlhBdlEyOXNiR1ZqZEdsdmJrZHliM1Z3THpRMU1EYzBNajlsZUhCcGNtVnpYMmx1UFRFNE1EQUdPZ1pGVkE9PSIsImV4cCI6IjIwMjYtMDktMDNUMjE6Mjc6MjQuNDk2WiIsInB1ciI6ImRlZmF1bHQifX0%3D--5e906c4aea7eefe80f0e3026e2b4408df6f6fa9e
2026-09-06,The Yeerologist,11:00-20:00,The Yeerologist @ Eat17,51.86990572349725,0.16153980851487787,COLLECTION/SLOTTED,True,True,theyeerologist.hatchesup.app,https://theyeerologist.hatchesup.app/basket/new?r=BAhJIhxodHRwczovL2hhdGNoZXN1cC5jby51awY6BkVU--5942f19e56a10904bb3b3ddfd5089e2be2c9ba2d&st=eyJfcmFpbHMiOnsibWVzc2FnZSI6IkJBaEpJamhuYVdRNkx5OXpZMmhzWlhBdlEyOXNiR1ZqZEdsdmJrZHliM1Z3THpReU5ESTVNajlsZUhCcGNtVnpYMmx1UFRFNE1EQUdPZ1pGVkE9PSIsImV4cCI6IjIwMjYtMDktMDNUMjE6Mjc6MjQuODQ3WiIsInB1ciI6ImRlZmF1bHQifX0%3D--031cd2fb51cc13d6188a0e90c832bae15f20a504
2026-09-06,Toni's Souvlaki & Gyros,12:00-20:00,Watford Market,51.65715879741769,-0.39697891094918225,COLLECTION/SLOTTED,True,True,tonissouvlaki.hatchesup.app,https://tonissouvlaki.hatchesup.app/basket/new?r=BAhJIhxodHRwczovL2hhdGNoZXN1cC5jby51awY6BkVU--5942f19e56a10904bb3b3ddfd5089e2be2c9ba2d&st=eyJfcmFpbHMiOnsibWVzc2FnZSI6IkJBaEpJamhuYVdRNkx5OXpZMmhzWlhBdlEyOXNiR1ZqZEdsdmJrZHliM1Z3THpRek16azFOVDlsZUhCcGNtVnpYMmx1UFRFNE1EQUdPZ1pGVkE9PSIsImV4cCI6IjIwMjYtMDktMDNUMjE6Mjc6MjQuNzgwWiIsInB1ciI6ImRlZmF1bHQifX0%3D--8eb8aca4b1b99d04029eacb199d589f4d25e7e27
2026-09-07,Al Chile,11:00-21:30,Station Square,52.1943842680965,0.13822195536682358,COLLECTION/SLOTTED,True,True,mexicanpinktruck.hatchesup.app,https://mexicanpinktruck.hatchesup.app/basket/new?r=BAhJIhxodHRwczovL2hhdGNoZXN1cC5jby51awY6BkVU--5942f19e56a10904bb3b3ddfd5089e2be2c9ba2d&st=eyJfcmFpbHMiOnsibWVzc2FnZSI6IkJBaEpJamhuYVdRNkx5OXpZMmhzWlhBdlEyOXNiR1ZqZEdsdmJrZHliM1Z3THpRek56VTBPVDlsZUhCcGNtVnpYMmx1UFRFNE1EQUdPZ1pGVkE9PSIsImV4cCI6IjIwMjYtMDktMDNUMjE6Mjc6MjUuMTAyWiIsInB1ciI6ImRlZmF1bHQifX0%3D--c1b71d1b1ceb50e35be98b898729a243235b2a21
2026-09-07,BabTooma Express,11:00-21:00,Darley Street Market,53.79580180316677,-1.7538697554462181,COLLECTION/SLOTTED,True,True,babtooma.hatchesup.app,https://babtooma.hatchesup.app/basket/new?r=BAhJIhxodHRwczovL2hhdGNoZXN1cC5jby51awY6BkVU--5942f19e56a10904bb3b3ddfd5089e2be2c9ba2d&st=eyJfcmFpbHMiOnsibWVzc2FnZSI6IkJBaEpJamhuYVdRNkx5OXpZMmhzWlhBdlEyOXNiR1ZqZEdsdmJrZHliM1Z3THpRek1UWXdOajlsZUhCcGNtVnpYMmx1UFRFNE1EQUdPZ1pGVkE9PSIsImV4cCI6IjIwMjYtMDktMDNUMjE6Mjc6MjUuMTUxWiIsInB1ciI6ImRlZmF1bHQifX0%3D--57da8748b70c9103e99967d1c905002181529da6
2026-09-07,Beardus Burger,17:00-23:30,A38 Last Exit,52.5077273307796,-1.84796201084773,COLLECTION/SLOTTED,True,True,beardusburger.hatchesup.app,https://beardusburger.hatchesup.app/basket/new?r=BAhJIhxodHRwczovL2hhdGNoZXN1cC5jby51awY6BkVU--5942f19e56a10904bb3b3ddfd5089e2be2c9ba2d&st=eyJfcmFpbHMiOnsibWVzc2FnZSI6IkJBaEpJamhuYVdRNkx5OXpZMmhzWlhBdlEyOXNiR1ZqZEdsdmJrZHliM1Z3THpRek9EUTBPVDlsZUhCcGNtVnpYMmx1UFRFNE1EQUdPZ1pGVkE9PSIsImV4cCI6IjIwMjYtMDktMDNUMjE6Mjc6MjUuMTY3WiIsInB1ciI6ImRlZmF1bHQifX0%3D--f0294ee0768ef16e823904d3215ce0b1899c3d5c
2026-09-07,Build A Burga,16:00-21:00,"Stone Street Square, Dudley",52.51057404602015,-2.083067778492502,COLLECTION/SLOTTED,True,True,buildaburga.hatchesup.app,https://buildaburga.hatchesup.app/basket/new?r=BAhJIhxodHRwczovL2hhdGNoZXN1cC5jby51awY6BkVU--5942f19e56a10904bb3b3ddfd5089e2be2c9ba2d&st=eyJfcmFpbHMiOnsibWVzc2FnZSI6IkJBaEpJamhuYVdRNkx5OXpZMmhzWlhBdlEyOXNiR1ZqZEdsdmJrZHliM1Z3THpReU5qQXlPRDlsZUhCcGNtVnpYMmx1UFRFNE1EQUdPZ1pGVkE9PSIsImV4cCI6IjIwMjYtMDktMDNUMjE6Mjc6MjUuNDEyWiIsInB1ciI6ImRlZmF1bHQifX0%3D--fe8c8e20a7263216044adfefc20de74886876dd6
2026-09-07,Green Choy,12:00-23:00,"Green Choy, Maison Noor, Ilford",51.55782355880592,0.0749974233762525,COLLECTION/SLOTTED,True,True,greenchoykorean.hatchesup.app,https://greenchoykorean.hatchesup.app/basket/new?r=BAhJIhxodHRwczovL2hhdGNoZXN1cC5jby51awY6BkVU--5942f19e56a10904bb3b3ddfd5089e2be2c9ba2d&st=eyJfcmFpbHMiOnsibWVzc2FnZSI6IkJBaEpJamhuYVdRNkx5OXpZMmhzWlhBdlEyOXNiR1ZqZEdsdmJrZHliM1Z3THpReU56TXhNVDlsZUhCcGNtVnpYMmx1UFRFNE1EQUdPZ1pGVkE9PSIsImV4cCI6IjIwMjYtMDktMDNUMjE6Mjc6MjUuMzEyWiIsInB1ciI6ImRlZmF1bHQifX0%3D--e6d1603b1e40f2015c0717300aca050267aeb67c
2026-09-07,Green Choy,12:00-23:00,"Green Choy, Mercato Metropolitano Elephant & Castle",51.49794316477026,-0.09678774963472865,COLLECTION/SLOTTED,True,True,greenchoykorean.hatchesup.app,https://greenchoykorean.hatchesup.app/basket/new?r=BAhJIhxodHRwczovL2hhdGNoZXN1cC5jby51awY6BkVU--5942f19e56a10904bb3b3ddfd5089e2be2c9ba2d&st=eyJfcmFpbHMiOnsibWVzc2FnZSI6IkJBaEpJamhuYVdRNkx5OXpZMmhzWlhBdlEyOXNiR1ZqZEdsdmJrZHliM1Z3THpReU9EWTJNVDlsZUhCcGNtVnpYMmx1UFRFNE1EQUdPZ1pGVkE9PSIsImV4cCI6IjIwMjYtMDktMDNUMjE6Mjc6MjUuMzUzWiIsInB1ciI6ImRlZmF1bHQifX0%3D--c0e8f616603bb0a426475abab725e1b42a446b6a
2026-09-07,Hot Bird,12:00-20:30,Market Place Hounslow,51.46735843192258,-0.36387034285270703,COLLECTION/SLOTTED,True,True,hotbird.hatchesup.app,https://hotbird.hatchesup.app/basket/new?r=BAhJIhxodHRwczovL2hhdGNoZXN1cC5jby51awY6BkVU--5942f19e56a10904bb3b3ddfd5089e2be2c9ba2d&st=eyJfcmFpbHMiOnsibWVzc2FnZSI6IkJBaEpJamhuYVdRNkx5OXpZMmhzWlhBdlEyOXNiR1ZqZEdsdmJrZHliM1Z3THpReU16Z3pNVDlsZUhCcGNtVnpYMmx1UFRFNE1EQUdPZ1pGVkE9PSIsImV4cCI6IjIwMjYtMDktMDNUMjE6Mjc6MjUuNTA3WiIsInB1ciI6ImRlZmF1bHQifX0%3D--74a816e7f0bb65d13a8513f4ac10782516aca06c
2026-09-07,Kerbside Kitchen,11:00-19:30,"Kerbside Kitchen, Cromer",52.93141941204113,1.3012480345261939,HIDE_PRICES/COLLECTION/SLOTTED,True,True,kerbsidekitchen.hatchesup.app,https://kerbsidekitchen.hatchesup.app/basket/new?r=BAhJIhxodHRwczovL2hhdGNoZXN1cC5jby51awY6BkVU--5942f19e56a10904bb3b3ddfd5089e2be2c9ba2d&st=eyJfcmFpbHMiOnsibWVzc2FnZSI6IkJBaEpJamhuYVdRNkx5OXpZMmhzWlhBdlEyOXNiR1ZqZEdsdmJrZHliM1Z3THpReU1qazFORDlsZUhCcGNtVnpYMmx1UFRFNE1EQUdPZ1pGVkE9PSIsImV4cCI6IjIwMjYtMDktMDNUMjE6Mjc6MjUuMDY5WiIsInB1ciI6ImRlZmF1bHQifX0%3D--5477b71bc13cdbf0f90b83897a31addfcb4e035d
2026-09-07,Kushi London,11:30-18:00,Old Spitalfields Market,51.51929141182023,-0.07404331134372141,HIDE_PRICES/COLLECTION/SLOTTED,True,True,kushilondon.hatchesup.app,https://kushilondon.hatchesup.app/basket/new?r=BAhJIhxodHRwczovL2hhdGNoZXN1cC5jby51awY6BkVU--5942f19e56a10904bb3b3ddfd5089e2be2c9ba2d&st=eyJfcmFpbHMiOnsibWVzc2FnZSI6IkJBaEpJamhuYVdRNkx5OXpZMmhzWlhBdlEyOXNiR1ZqZEdsdmJrZHliM1Z3THpReU5EZ3dOVDlsZUhCcGNtVnpYMmx1UFRFNE1EQUdPZ1pGVkE9PSIsImV4cCI6IjIwMjYtMDktMDNUMjE6Mjc6MjUuNjgwWiIsInB1ciI6ImRlZmF1bHQifX0%3D--af921185a0c0d7a3236c266405e729209558780b
2026-09-07,Meat Point,11:00-18:00,Camden Stables Market,51.541831129005246,-0.14615824301484093,HIDE_PRICES/COLLECTION/SLOTTED,True,True,meatpoint.hatchesup.app,https://meatpoint.hatchesup.app/basket/new?r=BAhJIhxodHRwczovL2hhdGNoZXN1cC5jby51awY6BkVU--5942f19e56a10904bb3b3ddfd5089e2be2c9ba2d&st=eyJfcmFpbHMiOnsibWVzc2FnZSI6IkJBaEpJamhuYVdRNkx5OXpZMmhzWlhBdlEyOXNiR1ZqZEdsdmJrZHliM1Z3THpReE9Ea3hOVDlsZUhCcGNtVnpYMmx1UFRFNE1EQUdPZ1pGVkE9PSIsImV4cCI6IjIwMjYtMDktMDNUMjE6Mjc6MjUuNDQ2WiIsInB1ciI6ImRlZmF1bHQifX0%3D--94c5e07cd103122e8cfe4272d51b6a8883505180
2026-09-07,Rice Kitchen,11:00-16:30,"Grainger Market, Newcastle",54.973516097821616,-1.6109636541030607,COLLECTION/SLOTTED,True,True,ricekitchenncl.hatchesup.app,https://ricekitchenncl.hatchesup.app/basket/new?r=BAhJIhxodHRwczovL2hhdGNoZXN1cC5jby51awY6BkVU--5942f19e56a10904bb3b3ddfd5089e2be2c9ba2d&st=eyJfcmFpbHMiOnsibWVzc2FnZSI6IkJBaEpJamhuYVdRNkx5OXpZMmhzWlhBdlEyOXNiR1ZqZEdsdmJrZHliM1Z3THpRMU1qQTROVDlsZUhCcGNtVnpYMmx1UFRFNE1EQUdPZ1pGVkE9PSIsImV4cCI6IjIwMjYtMDktMDNUMjE6Mjc6MjUuMjExWiIsInB1ciI6ImRlZmF1bHQifX0%3D--70140ed092d3c970ed92d9da0c6f4e63d9b594bc
2026-09-07,Snackwallah,11:30-16:30,Grainger Market,54.97258797272251,-1.6130193262126347,COLLECTION/SLOTTED,True,True,snackwallah.hatchesup.app,https://snackwallah.hatchesup.app/basket/new?r=BAhJIhxodHRwczovL2hhdGNoZXN1cC5jby51awY6BkVU--5942f19e56a10904bb3b3ddfd5089e2be2c9ba2d&st=eyJfcmFpbHMiOnsibWVzc2FnZSI6IkJBaEpJamhuYVdRNkx5OXpZMmhzWlhBdlEyOXNiR1ZqZEdsdmJrZHliM1Z3THpRek1EWTJOVDlsZUhCcGNtVnpYMmx1UFRFNE1EQUdPZ1pGVkE9PSIsImV4cCI6IjIwMjYtMDktMDNUMjE6Mjc6MjUuMTk5WiIsInB1ciI6ImRlZmF1bHQifX0%3D--c907f24939d9b72ac568bee1e6091d2c0983aa4b
2026-09-07,Sole Luna,11:30-15:00,"DiSH, Curie Avenue / Second Street, Harwell Campus, Didcot OX11 0GD",51.580280433511376,-1.310905628131972,HIDE_PRICES/COLLECTION/SLOTTED,True,True,soleluna.hatchesup.app,https://soleluna.hatchesup.app/basket/new?r=BAhJIhxodHRwczovL2hhdGNoZXN1cC5jby51awY6BkVU--5942f19e56a10904bb3b3ddfd5089e2be2c9ba2d&st=eyJfcmFpbHMiOnsibWVzc2FnZSI6IkJBaEpJamhuYVdRNkx5OXpZMmhzWlhBdlEyOXNiR1ZqZEdsdmJrZHliM1Z3THpRMU16STVPVDlsZUhCcGNtVnpYMmx1UFRFNE1EQUdPZ1pGVkE9PSIsImV4cCI6IjIwMjYtMDktMDNUMjE6Mjc6MjUuNjkyWiIsInB1ciI6ImRlZmF1bHQifX0%3D--6c877a2ddc4cc8ddd22e37af95ef6b30d8f34121
2026-09-07,Spice & Rice,09:30-18:30,Westfield Stratford,51.54116864912633,0.0035235099243072256,COLLECTION/SLOTTED,True,True,spiceandrice.hatchesup.app,https://spiceandrice.hatchesup.app/basket/new?r=BAhJIhxodHRwczovL2hhdGNoZXN1cC5jby51awY6BkVU--5942f19e56a10904bb3b3ddfd5089e2be2c9ba2d&st=eyJfcmFpbHMiOnsibWVzc2FnZSI6IkJBaEpJamhuYVdRNkx5OXpZMmhzWlhBdlEyOXNiR1ZqZEdsdmJrZHliM1Z3THpRMU1qTTJOajlsZUhCcGNtVnpYMmx1UFRFNE1EQUdPZ1pGVkE9PSIsImV4cCI6IjIwMjYtMDktMDNUMjE6Mjc6MjUuMjI1WiIsInB1ciI6ImRlZmF1bHQifX0%3D--9ca06a98450c64942bb2e043088cb273debd8c9d
2026-09-07,Spudalicious,11:30-16:30,MK1 Shopping & Leisure Park,52.01034871113367,-0.7333222612066537,COLLECTION/SLOTTED,True,True,spudaliciousuk.hatchesup.app,https://spudaliciousuk.hatchesup.app/basket/new?r=BAhJIhxodHRwczovL2hhdGNoZXN1cC5jby51awY6BkVU--5942f19e56a10904bb3b3ddfd5089e2be2c9ba2d&st=eyJfcmFpbHMiOnsibWVzc2FnZSI6IkJBaEpJamhuYVdRNkx5OXpZMmhzWlhBdlEyOXNiR1ZqZEdsdmJrZHliM1Z3THpRek5EWTRNejlsZUhCcGNtVnpYMmx1UFRFNE1EQUdPZ1pGVkE9PSIsImV4cCI6IjIwMjYtMDktMDNUMjE6Mjc6MjUuMTIwWiIsInB1ciI6ImRlZmF1bHQifX0%3D--914138f053fd22b2b2bb197f6e458bf581080a1c
2026-09-07,TEXBBQZ,12:00-23:00,"TEXBBQZ, 714 High Road, Leytonstone, London E11 3AJ",51.56918841400615,0.014814395722679565,COLLECTION/SLOTTED,True,True,texbbqz.hatchesup.app,https://texbbqz.hatchesup.app/basket/new?r=BAhJIhxodHRwczovL2hhdGNoZXN1cC5jby51awY6BkVU--5942f19e56a10904bb3b3ddfd5089e2be2c9ba2d&st=eyJfcmFpbHMiOnsibWVzc2FnZSI6IkJBaEpJamhuYVdRNkx5OXpZMmhzWlhBdlEyOXNiR1ZqZEdsdmJrZHliM1Z3THpRek1qZ3pNRDlsZUhCcGNtVnpYMmx1UFRFNE1EQUdPZ1pGVkE9PSIsImV4cCI6IjIwMjYtMDktMDNUMjE6Mjc6MjUuNzEwWiIsInB1ciI6ImRlZmF1bHQifX0%3D--bb784dd91953e566c37c5609fd0835bff051da31
2026-09-07,The Yeerologist,11:00-20:00,The Yeerologist @ Eat17,51.86990572349725,0.16153980851487787,COLLECTION/SLOTTED,True,True,theyeerologist.hatchesup.app,https://theyeerologist.hatchesup.app/basket/new?r=BAhJIhxodHRwczovL2hhdGNoZXN1cC5jby51awY6BkVU--5942f19e56a10904bb3b3ddfd5089e2be2c9ba2d&st=eyJfcmFpbHMiOnsibWVzc2FnZSI6IkJBaEpJamhuYVdRNkx5OXpZMmhzWlhBdlEyOXNiR1ZqZEdsdmJrZHliM1Z3THpReU5ETXlPVDlsZUhCcGNtVnpYMmx1UFRFNE1EQUdPZ1pGVkE9PSIsImV4cCI6IjIwMjYtMDktMDNUMjE6Mjc6MjUuMTg1WiIsInB1ciI6ImRlZmF1bHQifX0%3D--d39eae382ea0e16a6841d0ea0d72e473419980df
2026-09-07,Yum & Bass,11:00-14:00,Tabard Street Food Market,51.50118202609477,-0.09077346410111356,HIDE_PRICES/COLLECTION/SLOTTED,True,True,yumandbass.hatchesup.app,https://yumandbass.hatchesup.app/basket/new?r=BAhJIhxodHRwczovL2hhdGNoZXN1cC5jby51awY6BkVU--5942f19e56a10904bb3b3ddfd5089e2be2c9ba2d&st=eyJfcmFpbHMiOnsibWVzc2FnZSI6IkJBaEpJamhuYVdRNkx5OXpZMmhzWlhBdlEyOXNiR1ZqZEdsdmJrZHliM1Z3THpRek9UUXpNajlsZUhCcGNtVnpYMmx1UFRFNE1EQUdPZ1pGVkE9PSIsImV4cCI6IjIwMjYtMDktMDNUMjE6Mjc6MjUuMTM2WiIsInB1ciI6ImRlZmF1bHQifX0%3D--c8026ad4f33faa4d5edf87a57726f5ef11cc5362
2026-09-07,Zaket Potato,17:00-20:00,10 Dereham Rd,52.631564958336995,1.2861645465658733,COLLECTION/SLOTTED,True,True,zaketpotato.hatchesup.app,https://zaketpotato.hatchesup.app/basket/new?r=BAhJIhxodHRwczovL2hhdGNoZXN1cC5jby51awY6BkVU--5942f19e56a10904bb3b3ddfd5089e2be2c9ba2d&st=eyJfcmFpbHMiOnsibWVzc2FnZSI6IkJBaEpJamhuYVdRNkx5OXpZMmhzWlhBdlEyOXNiR1ZqZEdsdmJrZHliM1Z3THpRek9UWTJOVDlsZUhCcGNtVnpYMmx1UFRFNE1EQUdPZ1pGVkE9PSIsImV4cCI6IjIwMjYtMDktMDNUMjE6Mjc6MjUuMDg1WiIsInB1ciI6ImRlZmF1bHQifX0%3D--2946b6a3c170f585e286ac582e2cec01dce26b40
2026-09-08,Al Chile,11:00-21:30,Station Square,52.1943842680965,0.13822195536682358,COLLECTION/SLOTTED,True,True,mexicanpinktruck.hatchesup.app,https://mexicanpinktruck.hatchesup.app/basket/new?r=BAhJIhxodHRwczovL2hhdGNoZXN1cC5jby51awY6BkVU--5942f19e56a10904bb3b3ddfd5089e2be2c9ba2d&st=eyJfcmFpbHMiOnsibWVzc2FnZSI6IkJBaEpJamhuYVdRNkx5OXpZMmhzWlhBdlEyOXNiR1ZqZEdsdmJrZHliM1Z3THpRek56VTVNajlsZUhCcGNtVnpYMmx1UFRFNE1EQUdPZ1pGVkE9PSIsImV4cCI6IjIwMjYtMDktMDNUMjE6Mjc6MjUuNzg0WiIsInB1ciI6ImRlZmF1bHQifX0%3D--64e13ea68d2122c2c5561bcbb94baa8673cc0c49
2026-09-08,BabTooma Express,11:00-21:00,Darley Street Market,53.79580180316677,-1.7538697554462181,COLLECTION/SLOTTED,True,True,babtooma.hatchesup.app,https://babtooma.hatchesup.app/basket/new?r=BAhJIhxodHRwczovL2hhdGNoZXN1cC5jby51awY6BkVU--5942f19e56a10904bb3b3ddfd5089e2be2c9ba2d&st=eyJfcmFpbHMiOnsibWVzc2FnZSI6IkJBaEpJamhuYVdRNkx5OXpZMmhzWlhBdlEyOXNiR1ZqZEdsdmJrZHliM1Z3THpRek1UWTBOejlsZUhCcGNtVnpYMmx1UFRFNE1EQUdPZ1pGVkE9PSIsImV4cCI6IjIwMjYtMDktMDNUMjE6Mjc6MjUuODg1WiIsInB1ciI6ImRlZmF1bHQifX0%3D--66b7397568443497d8219d81015781df505248bd
2026-09-08,Barista Boy Coffee Co,06:30-12:00,Flitch Green,51.85865176448034,0.4140978936633681,HIDE_PRICES/COLLECTION/SLOTTED,True,True,baristaboycoffee.hatchesup.app,https://baristaboycoffee.hatchesup.app/basket/new?r=BAhJIhxodHRwczovL2hhdGNoZXN1cC5jby51awY6BkVU--5942f19e56a10904bb3b3ddfd5089e2be2c9ba2d&st=eyJfcmFpbHMiOnsibWVzc2FnZSI6IkJBaEpJamhuYVdRNkx5OXpZMmhzWlhBdlEyOXNiR1ZqZEdsdmJrZHliM1Z3THpRek5Ua3pORDlsZUhCcGNtVnpYMmx1UFRFNE1EQUdPZ1pGVkE9PSIsImV4cCI6IjIwMjYtMDktMDNUMjE6Mjc6MjUuOTQzWiIsInB1ciI6ImRlZmF1bHQifX0%3D--5f3d5fee5b5edf90d985b21082bfbb298a25f89b
2026-09-08,Beardus Burger,17:00-23:30,A38 Last Exit,52.5077273307796,-1.84796201084773,COLLECTION/SLOTTED,True,True,beardusburger.hatchesup.app,https://beardusburger.hatchesup.app/basket/new?r=BAhJIhxodHRwczovL2hhdGNoZXN1cC5jby51awY6BkVU--5942f19e56a10904bb3b3ddfd5089e2be2c9ba2d&st=eyJfcmFpbHMiOnsibWVzc2FnZSI6IkJBaEpJamhuYVdRNkx5OXpZMmhzWlhBdlEyOXNiR1ZqZEdsdmJrZHliM1Z3THpRek9EUTNOajlsZUhCcGNtVnpYMmx1UFRFNE1EQUdPZ1pGVkE9PSIsImV4cCI6IjIwMjYtMDktMDNUMjE6Mjc6MjUuODk2WiIsInB1ciI6ImRlZmF1bHQifX0%3D--86c0aff81eb39134373c75dea0a724c43addd022
2026-09-08,Broadside Pizza,17:00-20:00,Mundesley Shoppers Car Park,52.878101,1.437808,HIDE_PRICES/COLLECTION/SLOTTED,True,True,broadsidepizza.hatchesup.app,https://broadsidepizza.hatchesup.app/basket/new?r=BAhJIhxodHRwczovL2hhdGNoZXN1cC5jby51awY6BkVU--5942f19e56a10904bb3b3ddfd5089e2be2c9ba2d&st=eyJfcmFpbHMiOnsibWVzc2FnZSI6IkJBaEpJamhuYVdRNkx5OXpZMmhzWlhBdlEyOXNiR1ZqZEdsdmJrZHliM1Z3THpRMU1EQTBOVDlsZUhCcGNtVnpYMmx1UFRFNE1EQUdPZ1pGVkE9PSIsImV4cCI6IjIwMjYtMDktMDNUMjE6Mjc6MjUuODI1WiIsInB1ciI6ImRlZmF1bHQifX0%3D--e24cc24a212c6eb2aa13fe8d82a3ea29895a76df
2026-09-08,Build A Burga,16:00-21:00,"Stone Street Square, Dudley",52.51057404602015,-2.083067778492502,COLLECTION/SLOTTED,True,True,buildaburga.hatchesup.app,https://buildaburga.hatchesup.app/basket/new?r=BAhJIhxodHRwczovL2hhdGNoZXN1cC5jby51awY6BkVU--5942f19e56a10904bb3b3ddfd5089e2be2c9ba2d&st=eyJfcmFpbHMiOnsibWVzc2FnZSI6IkJBaEpJamhuYVdRNkx5OXpZMmhzWlhBdlEyOXNiR1ZqZEdsdmJrZHliM1Z3THpReU5qQTBPVDlsZUhCcGNtVnpYMmx1UFRFNE1EQUdPZ1pGVkE9PSIsImV4cCI6IjIwMjYtMDktMDNUMjE6Mjc6MjYuMDMxWiIsInB1ciI6ImRlZmF1bHQifX0%3D--d373b5648920b52b43b499959a45ce5c330dc01c
2026-09-08,Charlie's Chippy,16:30-19:30,"The Grandison Pub, Bramfield",51.82432178365597,-0.12697665249942908,HIDE_PRICES/COLLECTION/SLOTTED,True,True,charlieschippy.hatchesup.app,https://charlieschippy.hatchesup.app/basket/new?r=BAhJIhxodHRwczovL2hhdGNoZXN1cC5jby51awY6BkVU--5942f19e56a10904bb3b3ddfd5089e2be2c9ba2d&st=eyJfcmFpbHMiOnsibWVzc2FnZSI6IkJBaEpJamhuYVdRNkx5OXpZMmhzWlhBdlEyOXNiR1ZqZEdsdmJrZHliM1Z3THpRME9UZzNOejlsZUhCcGNtVnpYMmx1UFRFNE1EQUdPZ1pGVkE9PSIsImV4cCI6IjIwMjYtMDktMDNUMjE6Mjc6MjUuNzI4WiIsInB1ciI6ImRlZmF1bHQifX0%3D--673fe1a78a00894e08706686d92e81ad4b53e4f0
2026-09-08,Green Choy,12:00-23:00,"Green Choy, Maison Noor, Ilford",51.55782355880592,0.0749974233762525,COLLECTION/SLOTTED,True,True,greenchoykorean.hatchesup.app,https://greenchoykorean.hatchesup.app/basket/new?r=BAhJIhxodHRwczovL2hhdGNoZXN1cC5jby51awY6BkVU--5942f19e56a10904bb3b3ddfd5089e2be2c9ba2d&st=eyJfcmFpbHMiOnsibWVzc2FnZSI6IkJBaEpJamhuYVdRNkx5OXpZMmhzWlhBdlEyOXNiR1ZqZEdsdmJrZHliM1Z3THpReU56TTFOajlsZUhCcGNtVnpYMmx1UFRFNE1EQUdPZ1pGVkE9PSIsImV4cCI6IjIwMjYtMDktMDNUMjE6Mjc6MjYuMDAyWiIsInB1ciI6ImRlZmF1bHQifX0%3D--f21cb29c7ade088d72b6a39c4dda09458496bfa6
2026-09-08,Green Choy,12:00-23:00,"Green Choy, Mercato Metropolitano Elephant & Castle",51.49794316477026,-0.09678774963472865,COLLECTION/SLOTTED,True,True,greenchoykorean.hatchesup.app,https://greenchoykorean.hatchesup.app/basket/new?r=BAhJIhxodHRwczovL2hhdGNoZXN1cC5jby51awY6BkVU--5942f19e56a10904bb3b3ddfd5089e2be2c9ba2d&st=eyJfcmFpbHMiOnsibWVzc2FnZSI6IkJBaEpJamhuYVdRNkx5OXpZMmhzWlhBdlEyOXNiR1ZqZEdsdmJrZHliM1Z3THpReU9EY3dOajlsZUhCcGNtVnpYMmx1UFRFNE1EQUdPZ1pGVkE9PSIsImV4cCI6IjIwMjYtMDktMDNUMjE6Mjc6MjYuMDE4WiIsInB1ciI6ImRlZmF1bHQifX0%3D--9dd66a9ee2c0efebd0b1e119540a9e11ded5ab1b
2026-09-08,Green Choy,12:00-21:00,"Green Choy, Tooting Market",51.428510940283644,-0.16494930778979333,COLLECTION/SLOTTED,True,True,greenchoykorean.hatchesup.app,https://greenchoykorean.hatchesup.app/basket/new?r=BAhJIhxodHRwczovL2hhdGNoZXN1cC5jby51awY6BkVU--5942f19e56a10904bb3b3ddfd5089e2be2c9ba2d&st=eyJfcmFpbHMiOnsibWVzc2FnZSI6IkJBaEpJamhuYVdRNkx5OXpZMmhzWlhBdlEyOXNiR1ZqZEdsdmJrZHliM1Z3THpReU5UVTFORDlsZUhCcGNtVnpYMmx1UFRFNE1EQUdPZ1pGVkE9PSIsImV4cCI6IjIwMjYtMDktMDNUMjE6Mjc6MjUuOTg5WiIsInB1ciI6ImRlZmF1bHQifX0%3D--80edfddbdcba3acc8f9d219ca71bee3146e31d2c
2026-09-08,Hot Bird,12:00-20:30,Market Place Hounslow,51.46735843192258,-0.36387034285270703,COLLECTION/SLOTTED,True,True,hotbird.hatchesup.app,https://hotbird.hatchesup.app/basket/new?r=BAhJIhxodHRwczovL2hhdGNoZXN1cC5jby51awY6BkVU--5942f19e56a10904bb3b3ddfd5089e2be2c9ba2d&st=eyJfcmFpbHMiOnsibWVzc2FnZSI6IkJBaEpJamhuYVdRNkx5OXpZMmhzWlhBdlEyOXNiR1ZqZEdsdmJrZHliM1Z3THpReU16ZzJOajlsZUhCcGNtVnpYMmx1UFRFNE1EQUdPZ1pGVkE9PSIsImV4cCI6IjIwMjYtMDktMDNUMjE6Mjc6MjYuMDU3WiIsInB1ciI6ImRlZmF1bHQifX0%3D--120fe4b510a795b400967f6ec40bef2cc96ca053
2026-09-08,Kerbside Kitchen,11:00-19:30,"Kerbside Kitchen, Cromer",52.93141941204113,1.3012480345261939,HIDE_PRICES/COLLECTION/SLOTTED,True,True,kerbsidekitchen.hatchesup.app,https://kerbsidekitchen.hatchesup.app/basket/new?r=BAhJIhxodHRwczovL2hhdGNoZXN1cC5jby51awY6BkVU--5942f19e56a10904bb3b3ddfd5089e2be2c9ba2d&st=eyJfcmFpbHMiOnsibWVzc2FnZSI6IkJBaEpJamhuYVdRNkx5OXpZMmhzWlhBdlEyOXNiR1ZqZEdsdmJrZHliM1Z3THpReU1qazRPVDlsZUhCcGNtVnpYMmx1UFRFNE1EQUdPZ1pGVkE9PSIsImV4cCI6IjIwMjYtMDktMDNUMjE6Mjc6MjUuNzQ1WiIsInB1ciI6ImRlZmF1bHQifX0%3D--b83e358b1934680d12d4793293d86abc32206911
2026-09-08,Kushi London,11:30-18:00,Old Spitalfields Market,51.51929141182023,-0.07404331134372141,HIDE_PRICES/COLLECTION/SLOTTED,True,True,kushilondon.hatchesup.app,https://kushilondon.hatchesup.app/basket/new?r=BAhJIhxodHRwczovL2hhdGNoZXN1cC5jby51awY6BkVU--5942f19e56a10904bb3b3ddfd5089e2be2c9ba2d&st=eyJfcmFpbHMiOnsibWVzc2FnZSI6IkJBaEpJamhuYVdRNkx5OXpZMmhzWlhBdlEyOXNiR1ZqZEdsdmJrZHliM1Z3THpReU5EZ3pNajlsZUhCcGNtVnpYMmx1UFRFNE1EQUdPZ1pGVkE9PSIsImV4cCI6IjIwMjYtMDktMDNUMjE6Mjc6MjYuMDczWiIsInB1ciI6ImRlZmF1bHQifX0%3D--0cc01e63b0a4e83199a882c1f5bf7c3c6cea0b40
2026-09-08,Ling Ling's Steam Kitchen,11:45-14:00,"Mill Park Road, Cambridge",52.19301121299365,0.13607809634170992,COLLECTION/SLOTTED,True,True,linglingssteamkitchen.hatchesup.app,https://linglingssteamkitchen.hatchesup.app/basket/new?r=BAhJIhxodHRwczovL2hhdGNoZXN1cC5jby51awY6BkVU--5942f19e56a10904bb3b3ddfd5089e2be2c9ba2d&st=eyJfcmFpbHMiOnsibWVzc2FnZSI6IkJBaEpJamhuYVdRNkx5OXpZMmhzWlhBdlEyOXNiR1ZqZEdsdmJrZHliM1Z3THpRek5UWTBORDlsZUhCcGNtVnpYMmx1UFRFNE1EQUdPZ1pGVkE9PSIsImV4cCI6IjIwMjYtMDktMDNUMjE6Mjc6MjUuNzk2WiIsInB1ciI6ImRlZmF1bHQifX0%3D--2c4f3789e79fb206847bce9e8f7c5edd07c9977b
2026-09-08,Meat Point,11:00-18:00,Camden Stables Market,51.541831129005246,-0.14615824301484093,HIDE_PRICES/COLLECTION/SLOTTED,True,True,meatpoint.hatchesup.app,https://meatpoint.hatchesup.app/basket/new?r=BAhJIhxodHRwczovL2hhdGNoZXN1cC5jby51awY6BkVU--5942f19e56a10904bb3b3ddfd5089e2be2c9ba2d&st=eyJfcmFpbHMiOnsibWVzc2FnZSI6IkJBaEpJamhuYVdRNkx5OXpZMmhzWlhBdlEyOXNiR1ZqZEdsdmJrZHliM1Z3THpReE9EazBORDlsZUhCcGNtVnpYMmx1UFRFNE1EQUdPZ1pGVkE9PSIsImV4cCI6IjIwMjYtMDktMDNUMjE6Mjc6MjYuMDQzWiIsInB1ciI6ImRlZmF1bHQifX0%3D--4def43420e7912d69509aca346b234abc37a08d4
2026-09-08,Morty's Focacceria,12:00-21:00,White Cloth Hall,53.795311961038614,-1.5389447023425797,COLLECTION/SLOTTED,True,True,mortys.hatchesup.app,https://mortys.hatchesup.app/basket/new?r=BAhJIhxodHRwczovL2hhdGNoZXN1cC5jby51awY6BkVU--5942f19e56a10904bb3b3ddfd5089e2be2c9ba2d&st=eyJfcmFpbHMiOnsibWVzc2FnZSI6IkJBaEpJamhuYVdRNkx5OXpZMmhzWlhBdlEyOXNiR1ZqZEdsdmJrZHliM1Z3THpReU5USXlNVDlsZUhCcGNtVnpYMmx1UFRFNE1EQUdPZ1pGVkE9PSIsImV4cCI6IjIwMjYtMDktMDNUMjE6Mjc6MjUuOTA4WiIsInB1ciI6ImRlZmF1bHQifX0%3D--ea14547ad175affd16f365888f805e3088b24afb
2026-09-08,Prad Thai,12:00-22:00,Pop Brixton,51.46280428680355,-0.11008543951499557,COLLECTION/SLOTTED,True,True,pradthai.hatchesup.app,https://pradthai.hatchesup.app/basket/new?r=BAhJIhxodHRwczovL2hhdGNoZXN1cC5jby51awY6BkVU--5942f19e56a10904bb3b3ddfd5089e2be2c9ba2d&st=eyJfcmFpbHMiOnsibWVzc2FnZSI6IkJBaEpJamhuYVdRNkx5OXpZMmhzWlhBdlEyOXNiR1ZqZEdsdmJrZHliM1Z3THpRMU1UUXdORDlsZUhCcGNtVnpYMmx1UFRFNE1EQUdPZ1pGVkE9PSIsImV4cCI6IjIwMjYtMDktMDNUMjE6Mjc6MjUuOTc2WiIsInB1ciI6ImRlZmF1bHQifX0%3D--9b2aaae9a4e533de2ddaefb578a0f574abd7dfde
2026-09-08,Rice Kitchen,11:00-16:30,"Grainger Market, Newcastle",54.973516097821616,-1.6109636541030607,COLLECTION/SLOTTED,True,True,ricekitchenncl.hatchesup.app,https://ricekitchenncl.hatchesup.app/basket/new?r=BAhJIhxodHRwczovL2hhdGNoZXN1cC5jby51awY6BkVU--5942f19e56a10904bb3b3ddfd5089e2be2c9ba2d&st=eyJfcmFpbHMiOnsibWVzc2FnZSI6IkJBaEpJamhuYVdRNkx5OXpZMmhzWlhBdlEyOXNiR1ZqZEdsdmJrZHliM1Z3THpRMU1qRXdPRDlsZUhCcGNtVnpYMmx1UFRFNE1EQUdPZ1pGVkE9PSIsImV4cCI6IjIwMjYtMDktMDNUMjE6Mjc6MjUuOTU0WiIsInB1ciI6ImRlZmF1bHQifX0%3D--683c9093471a79129c6d3a0524ea2295378bc5b3
2026-09-08,Snackwallah,11:30-16:30,Grainger Market,54.97258797272251,-1.6130193262126347,COLLECTION/SLOTTED,True,True,snackwallah.hatchesup.app,https://snackwallah.hatchesup.app/basket/new?r=BAhJIhxodHRwczovL2hhdGNoZXN1cC5jby51awY6BkVU--5942f19e56a10904bb3b3ddfd5089e2be2c9ba2d&st=eyJfcmFpbHMiOnsibWVzc2FnZSI6IkJBaEpJamhuYVdRNkx5OXpZMmhzWlhBdlEyOXNiR1ZqZEdsdmJrZHliM1Z3THpRek1EWTROajlsZUhCcGNtVnpYMmx1UFRFNE1EQUdPZ1pGVkE9PSIsImV4cCI6IjIwMjYtMDktMDNUMjE6Mjc6MjUuOTMxWiIsInB1ciI6ImRlZmF1bHQifX0%3D--d1e858af121c7bb609d6dec1561980bb598a0305
2026-09-08,Sole Luna,11:30-15:00,"DiSH, Curie Avenue / Second Street, Harwell Campus, Didcot OX11 0GD",51.580280433511376,-1.310905628131972,HIDE_PRICES/COLLECTION/SLOTTED,True,True,soleluna.hatchesup.app,https://soleluna.hatchesup.app/basket/new?r=BAhJIhxodHRwczovL2hhdGNoZXN1cC5jby51awY6BkVU--5942f19e56a10904bb3b3ddfd5089e2be2c9ba2d&st=eyJfcmFpbHMiOnsibWVzc2FnZSI6IkJBaEpJamhuYVdRNkx5OXpZMmhzWlhBdlEyOXNiR1ZqZEdsdmJrZHliM1Z3THpRMU16TXhORDlsZUhCcGNtVnpYMmx1UFRFNE1EQUdPZ1pGVkE9PSIsImV4cCI6IjIwMjYtMDktMDNUMjE6Mjc6MjYuMDg4WiIsInB1ciI6ImRlZmF1bHQifX0%3D--049ca3e4a091c31076fc9ca02d68cc63f5ffb805
2026-09-08,Spice & Rice,09:30-18:30,Westfield Stratford,51.54116864912633,0.0035235099243072256,COLLECTION/SLOTTED,True,True,spiceandrice.hatchesup.app,https://spiceandrice.hatchesup.app/basket/new?r=BAhJIhxodHRwczovL2hhdGNoZXN1cC5jby51awY6BkVU--5942f19e56a10904bb3b3ddfd5089e2be2c9ba2d&st=eyJfcmFpbHMiOnsibWVzc2FnZSI6IkJBaEpJamhuYVdRNkx5OXpZMmhzWlhBdlEyOXNiR1ZqZEdsdmJrZHliM1Z3THpRMU1qUXdNejlsZUhCcGNtVnpYMmx1UFRFNE1EQUdPZ1pGVkE9PSIsImV4cCI6IjIwMjYtMDktMDNUMjE6Mjc6MjUuOTY2WiIsInB1ciI6ImRlZmF1bHQifX0%3D--fa9e7e6fee2a102ea2a21ce4f4832692abc45c7a
2026-09-08,Spudalicious,11:30-16:30,MK1 Shopping & Leisure Park,52.01034871113367,-0.7333222612066537,COLLECTION/SLOTTED,True,True,spudaliciousuk.hatchesup.app,https://spudaliciousuk.hatchesup.app/basket/new?r=BAhJIhxodHRwczovL2hhdGNoZXN1cC5jby51awY6BkVU--5942f19e56a10904bb3b3ddfd5089e2be2c9ba2d&st=eyJfcmFpbHMiOnsibWVzc2FnZSI6IkJBaEpJamhuYVdRNkx5OXpZMmhzWlhBdlEyOXNiR1ZqZEdsdmJrZHliM1Z3THpRek5EY3dORDlsZUhCcGNtVnpYMmx1UFRFNE1EQUdPZ1pGVkE9PSIsImV4cCI6IjIwMjYtMDktMDNUMjE6Mjc6MjUuODQwWiIsInB1ciI6ImRlZmF1bHQifX0%3D--11a6d7f2213be42aad359eb869127f58a8f22fb7
2026-09-08,TEXBBQZ,12:00-23:00,"TEXBBQZ, 714 High Road, Leytonstone, London E11 3AJ",51.56918841400615,0.014814395722679565,COLLECTION/SLOTTED,True,True,texbbqz.hatchesup.app,https://texbbqz.hatchesup.app/basket/new?r=BAhJIhxodHRwczovL2hhdGNoZXN1cC5jby51awY6BkVU--5942f19e56a10904bb3b3ddfd5089e2be2c9ba2d&st=eyJfcmFpbHMiOnsibWVzc2FnZSI6IkJBaEpJamhuYVdRNkx5OXpZMmhzWlhBdlEyOXNiR1ZqZEdsdmJrZHliM1Z3THpRek1qZzNOVDlsZUhCcGNtVnpYMmx1UFRFNE1EQUdPZ1pGVkE9PSIsImV4cCI6IjIwMjYtMDktMDNUMjE6Mjc6MjYuMTAxWiIsInB1ciI6ImRlZmF1bHQifX0%3D--c241198bb758dbcebe30cd6ce231ece643926c5d
2026-09-08,The Funky Pickle Co,11:00-14:00,"Cody Technology Park, Ively Road, Farnborough GU14 0LX",51.27552778444539,-0.760017175802092,HIDE_PRICES/COLLECTION/SLOTTED,True,True,funkypickle.hatchesup.app,https://funkypickle.hatchesup.app/basket/new?r=BAhJIhxodHRwczovL2hhdGNoZXN1cC5jby51awY6BkVU--5942f19e56a10904bb3b3ddfd5089e2be2c9ba2d&st=eyJfcmFpbHMiOnsibWVzc2FnZSI6IkJBaEpJamhuYVdRNkx5OXpZMmhzWlhBdlEyOXNiR1ZqZEdsdmJrZHliM1Z3THpRMU1EUXhOajlsZUhCcGNtVnpYMmx1UFRFNE1EQUdPZ1pGVkE9PSIsImV4cCI6IjIwMjYtMDktMDNUMjE6Mjc6MjUuODA5WiIsInB1ciI6ImRlZmF1bHQifX0%3D--5454ac2dd76a0872773aa785f0c911f78c4a00ba
2026-09-08,The Yeerologist,11:00-20:00,The Yeerologist @ Eat17,51.86990572349725,0.16153980851487787,COLLECTION/SLOTTED,True,True,theyeerologist.hatchesup.app,https://theyeerologist.hatchesup.app/basket/new?r=BAhJIhxodHRwczovL2hhdGNoZXN1cC5jby51awY6BkVU--5942f19e56a10904bb3b3ddfd5089e2be2c9ba2d&st=eyJfcmFpbHMiOnsibWVzc2FnZSI6IkJBaEpJamhuYVdRNkx5OXpZMmhzWlhBdlEyOXNiR1ZqZEdsdmJrZHliM1Z3THpReU5ETTJOajlsZUhCcGNtVnpYMmx1UFRFNE1EQUdPZ1pGVkE9PSIsImV4cCI6IjIwMjYtMDktMDNUMjE6Mjc6MjUuOTE5WiIsInB1ciI6ImRlZmF1bHQifX0%3D--3257471585927d141934d6c9be9b1f6f43cd8729
2026-09-08,Toni's Souvlaki & Gyros,11:00-22:00,Watford Market,51.65715879741769,-0.39697891094918225,COLLECTION/SLOTTED,True,True,tonissouvlaki.hatchesup.app,https://tonissouvlaki.hatchesup.app/basket/new?r=BAhJIhxodHRwczovL2hhdGNoZXN1cC5jby51awY6BkVU--5942f19e56a10904bb3b3ddfd5089e2be2c9ba2d&st=eyJfcmFpbHMiOnsibWVzc2FnZSI6IkJBaEpJamhuYVdRNkx5OXpZMmhzWlhBdlEyOXNiR1ZqZEdsdmJrZHliM1Z3THpRek16azRPRDlsZUhCcGNtVnpYMmx1UFRFNE1EQUdPZ1pGVkE9PSIsImV4cCI6IjIwMjYtMDktMDNUMjE6Mjc6MjUuODU1WiIsInB1ciI6ImRlZmF1bHQifX0%3D--e97d2bfd55d41000c2e2bd255ee90758976b2691
2026-09-08,Yum & Bass,11:00-14:00,Tabard Street Food Market,51.50118202609477,-0.09077346410111356,HIDE_PRICES/COLLECTION/SLOTTED,True,True,yumandbass.hatchesup.app,https://yumandbass.hatchesup.app/basket/new?r=BAhJIhxodHRwczovL2hhdGNoZXN1cC5jby51awY6BkVU--5942f19e56a10904bb3b3ddfd5089e2be2c9ba2d&st=eyJfcmFpbHMiOnsibWVzc2FnZSI6IkJBaEpJamhuYVdRNkx5OXpZMmhzWlhBdlEyOXNiR1ZqZEdsdmJrZHliM1Z3THpRek9UUTBOVDlsZUhCcGNtVnpYMmx1UFRFNE1EQUdPZ1pGVkE9PSIsImV4cCI6IjIwMjYtMDktMDNUMjE6Mjc6MjUuODczWiIsInB1ciI6ImRlZmF1bHQifX0%3D--fa27331d03f2fe632d268da4460210a7f13581c8
2026-09-08,Zaket Potato,12:00-14:30,10 Dereham Rd,52.631564958336995,1.2861645465658733,COLLECTION/SLOTTED,True,True,zaketpotato.hatchesup.app,https://zaketpotato.hatchesup.app/basket/new?r=BAhJIhxodHRwczovL2hhdGNoZXN1cC5jby51awY6BkVU--5942f19e56a10904bb3b3ddfd5089e2be2c9ba2d&st=eyJfcmFpbHMiOnsibWVzc2FnZSI6IkJBaEpJamhuYVdRNkx5OXpZMmhzWlhBdlEyOXNiR1ZqZEdsdmJrZHliM1Z3THpRME1ESXdOejlsZUhCcGNtVnpYMmx1UFRFNE1EQUdPZ1pGVkE9PSIsImV4cCI6IjIwMjYtMDktMDNUMjE6Mjc6MjUuNzU5WiIsInB1ciI6ImRlZmF1bHQifX0%3D--457409edadc1bf1e18c1675ea2a780b305060a97
2026-09-08,Zaket Potato,17:00-20:00,10 Dereham Rd,52.631564958336995,1.2861645465658733,COLLECTION/SLOTTED,True,True,zaketpotato.hatchesup.app,https://zaketpotato.hatchesup.app/basket/new?r=BAhJIhxodHRwczovL2hhdGNoZXN1cC5jby51awY6BkVU--5942f19e56a10904bb3b3ddfd5089e2be2c9ba2d&st=eyJfcmFpbHMiOnsibWVzc2FnZSI6IkJBaEpJamhuYVdRNkx5OXpZMmhzWlhBdlEyOXNiR1ZqZEdsdmJrZHliM1Z3THpRME1EUXlNRDlsZUhCcGNtVnpYMmx1UFRFNE1EQUdPZ1pGVkE9PSIsImV4cCI6IjIwMjYtMDktMDNUMjE6Mjc6MjUuNzcyWiIsInB1ciI6ImRlZmF1bHQifX0%3D--7be15afaa814128d45d499bc50ae2f2bc4c9e284
2026-09-09,Al Chile,11:00-21:30,Station Square,52.1943842680965,0.13822195536682358,COLLECTION/SLOTTED,True,True,mexicanpinktruck.hatchesup.app,https://mexicanpinktruck.hatchesup.app/basket/new?r=BAhJIhxodHRwczovL2hhdGNoZXN1cC5jby51awY6BkVU--5942f19e56a10904bb3b3ddfd5089e2be2c9ba2d&st=eyJfcmFpbHMiOnsibWVzc2FnZSI6IkJBaEpJamhuYVdRNkx5OXpZMmhzWlhBdlEyOXNiR1ZqZEdsdmJrZHliM1Z3THpRek56WXpOVDlsZUhCcGNtVnpYMmx1UFRFNE1EQUdPZ1pGVkE9PSIsImV4cCI6IjIwMjYtMDktMDNUMjE6Mjc6MjYuMjIxWiIsInB1ciI6ImRlZmF1bHQifX0%3D--36d3776479c046ed0f1f2a557126cb921353bbbe
2026-09-09,BabTooma Express,11:00-21:00,Darley Street Market,53.79580180316677,-1.7538697554462181,COLLECTION/SLOTTED,True,True,babtooma.hatchesup.app,https://babtooma.hatchesup.app/basket/new?r=BAhJIhxodHRwczovL2hhdGNoZXN1cC5jby51awY6BkVU--5942f19e56a10904bb3b3ddfd5089e2be2c9ba2d&st=eyJfcmFpbHMiOnsibWVzc2FnZSI6IkJBaEpJamhuYVdRNkx5OXpZMmhzWlhBdlEyOXNiR1ZqZEdsdmJrZHliM1Z3THpRek1UWTRPRDlsZUhCcGNtVnpYMmx1UFRFNE1EQUdPZ1pGVkE9PSIsImV4cCI6IjIwMjYtMDktMDNUMjE6Mjc6MjYuMzI3WiIsInB1ciI6ImRlZmF1bHQifX0%3D--43cd2575da6000528cdf4d1ec43ce77fb5ef46d4
2026-09-09,Barista Boy Coffee Co,06:30-12:00,Flitch Green,51.85865176448034,0.4140978936633681,HIDE_PRICES/COLLECTION/SLOTTED,True,True,baristaboycoffee.hatchesup.app,https://baristaboycoffee.hatchesup.app/basket/new?r=BAhJIhxodHRwczovL2hhdGNoZXN1cC5jby51awY6BkVU--5942f19e56a10904bb3b3ddfd5089e2be2c9ba2d&st=eyJfcmFpbHMiOnsibWVzc2FnZSI6IkJBaEpJamhuYVdRNkx5OXpZMmhzWlhBdlEyOXNiR1ZqZEdsdmJrZHliM1Z3THpRek5UazFOejlsZUhCcGNtVnpYMmx1UFRFNE1EQUdPZ1pGVkE9PSIsImV4cCI6IjIwMjYtMDktMDNUMjE6Mjc6MjYuMzk3WiIsInB1ciI6ImRlZmF1bHQifX0%3D--8af2fe1c4eae2cd6b50171f1b3fa328f650c4863
2026-09-09,Beardus Burger,17:00-23:30,A38 Last Exit,52.5077273307796,-1.84796201084773,COLLECTION/SLOTTED,True,True,beardusburger.hatchesup.app,https://beardusburger.hatchesup.app/basket/new?r=BAhJIhxodHRwczovL2hhdGNoZXN1cC5jby51awY6BkVU--5942f19e56a10904bb3b3ddfd5089e2be2c9ba2d&st=eyJfcmFpbHMiOnsibWVzc2FnZSI6IkJBaEpJamhuYVdRNkx5OXpZMmhzWlhBdlEyOXNiR1ZqZEdsdmJrZHliM1Z3THpRek9EVXdNejlsZUhCcGNtVnpYMmx1UFRFNE1EQUdPZ1pGVkE9PSIsImV4cCI6IjIwMjYtMDktMDNUMjE6Mjc6MjYuMzQwWiIsInB1ciI6ImRlZmF1bHQifX0%3D--a5660bc13f5b40f386568db4f9e6dc5dafb4b916
2026-09-09,Bonnefirebox,16:50-20:10,Coach and Horses Newport,51.99052713030687,0.2137969249222067,COLLECTION/SLOTTED,True,True,bonnefirebox.hatchesup.app,https://bonnefirebox.hatchesup.app/basket/new?r=BAhJIhxodHRwczovL2hhdGNoZXN1cC5jby51awY6BkVU--5942f19e56a10904bb3b3ddfd5089e2be2c9ba2d&st=eyJfcmFpbHMiOnsibWVzc2FnZSI6IkJBaEpJamhuYVdRNkx5OXpZMmhzWlhBdlEyOXNiR1ZqZEdsdmJrZHliM1Z3THpRME56TTJNejlsZUhCcGNtVnpYMmx1UFRFNE1EQUdPZ1pGVkE9PSIsImV4cCI6IjIwMjYtMDktMDNUMjE6Mjc6MjYuMTE4WiIsInB1ciI6ImRlZmF1bHQifX0%3D--2ada68cde2494b7e237fce35748325f4b140a1e4
2026-09-09,Charlie's Chippy,16:30-19:30,Cottered Village Hall,51.94636250744708,-0.07764150124623174,HIDE_PRICES/COLLECTION/SLOTTED,True,True,charlieschippy.hatchesup.app,https://charlieschippy.hatchesup.app/basket/new?r=BAhJIhxodHRwczovL2hhdGNoZXN1cC5jby51awY6BkVU--5942f19e56a10904bb3b3ddfd5089e2be2c9ba2d&st=eyJfcmFpbHMiOnsibWVzc2FnZSI6IkJBaEpJamhuYVdRNkx5OXpZMmhzWlhBdlEyOXNiR1ZqZEdsdmJrZHliM1Z3THpRME9UZzVNRDlsZUhCcGNtVnpYMmx1UFRFNE1EQUdPZ1pGVkE9PSIsImV4cCI6IjIwMjYtMDktMDNUMjE6Mjc6MjYuMTUzWiIsInB1ciI6ImRlZmF1bHQifX0%3D--41a27574e4bb03d470994ecd7887698ff363d58e
2026-09-09,Clumsies,17:30-21:00,Mrs Salisburys Carpark,51.77840151464219,0.6756063178461756,COLLECTION/SLOTTED,True,True,clumsies.hatchesup.app,https://clumsies.hatchesup.app/basket/new?r=BAhJIhxodHRwczovL2hhdGNoZXN1cC5jby51awY6BkVU--5942f19e56a10904bb3b3ddfd5089e2be2c9ba2d&st=eyJfcmFpbHMiOnsibWVzc2FnZSI6IkJBaEpJamhuYVdRNkx5OXpZMmhzWlhBdlEyOXNiR1ZqZEdsdmJrZHliM1Z3THpRek5UQTNPRDlsZUhCcGNtVnpYMmx1UFRFNE1EQUdPZ1pGVkE9PSIsImV4cCI6IjIwMjYtMDktMDNUMjE6Mjc6MjYuMTgzWiIsInB1ciI6ImRlZmF1bHQifX0%3D--c1a9462b43d1a4a4fe437146096cb3f84db3704f
2026-09-09,Eat Is Greek,16:00-20:00,"Middleton Pavilion, Worrelle Avenue, Milton Keynes MK10 9AD",52.04322379447297,-0.6986190676319661,HIDE_PRICES/COLLECTION/SLOTTED,True,True,eatisgreekmk.hatchesup.app,https://eatisgreekmk.hatchesup.app/basket/new?r=BAhJIhxodHRwczovL2hhdGNoZXN1cC5jby51awY6BkVU--5942f19e56a10904bb3b3ddfd5089e2be2c9ba2d&st=eyJfcmFpbHMiOnsibWVzc2FnZSI6IkJBaEpJamhuYVdRNkx5OXpZMmhzWlhBdlEyOXNiR1ZqZEdsdmJrZHliM1Z3THpRMU16VXhNejlsZUhCcGNtVnpYMmx1UFRFNE1EQUdPZ1pGVkE9PSIsImV4cCI6IjIwMjYtMDktMDNUMjE6Mjc6MjYuMjg0WiIsInB1ciI6ImRlZmF1bHQifX0%3D--21d83d0c122f4394567b6a6cffd5e64c6d47fc3d
2026-09-09,Goldee's Bagels,10:00-16:00,"Shambles Market, York",53.959698327489846,-1.078798749143823,COLLECTION/SLOTTED,True,True,goldeesbagels.hatchesup.app,https://goldeesbagels.hatchesup.app/basket/new?r=BAhJIhxodHRwczovL2hhdGNoZXN1cC5jby51awY6BkVU--5942f19e56a10904bb3b3ddfd5089e2be2c9ba2d&st=eyJfcmFpbHMiOnsibWVzc2FnZSI6IkJBaEpJamhuYVdRNkx5OXpZMmhzWlhBdlEyOXNiR1ZqZEdsdmJrZHliM1Z3THpRMU1URXdNVDlsZUhCcGNtVnpYMmx1UFRFNE1EQUdPZ1pGVkE9PSIsImV4cCI6IjIwMjYtMDktMDNUMjE6Mjc6MjYuNDI3WiIsInB1ciI6ImRlZmF1bHQifX0%3D--bd2ab405c0f4056d170c0130b3f2d6a663ac5cb7
2026-09-09,Green Choy,12:00-23:00,"Green Choy, Maison Noor, Ilford",51.55782355880592,0.0749974233762525,COLLECTION/SLOTTED,True,True,greenchoykorean.hatchesup.app,https://greenchoykorean.hatchesup.app/basket/new?r=BAhJIhxodHRwczovL2hhdGNoZXN1cC5jby51awY6BkVU--5942f19e56a10904bb3b3ddfd5089e2be2c9ba2d&st=eyJfcmFpbHMiOnsibWVzc2FnZSI6IkJBaEpJamhuYVdRNkx5OXpZMmhzWlhBdlEyOXNiR1ZqZEdsdmJrZHliM1Z3THpReU56UXdNVDlsZUhCcGNtVnpYMmx1UFRFNE1EQUdPZ1pGVkE9PSIsImV4cCI6IjIwMjYtMDktMDNUMjE6Mjc6MjYuNDkzWiIsInB1ciI6ImRlZmF1bHQifX0%3D--23f730004de0d4ee7d7a9f0958caa7116c54fcee
2026-09-09,Green Choy,12:00-23:00,"Green Choy, Mercato Metropolitano Elephant & Castle",51.49794316477026,-0.09678774963472865,COLLECTION/SLOTTED,True,True,greenchoykorean.hatchesup.app,https://greenchoykorean.hatchesup.app/basket/new?r=BAhJIhxodHRwczovL2hhdGNoZXN1cC5jby51awY6BkVU--5942f19e56a10904bb3b3ddfd5089e2be2c9ba2d&st=eyJfcmFpbHMiOnsibWVzc2FnZSI6IkJBaEpJamhuYVdRNkx5OXpZMmhzWlhBdlEyOXNiR1ZqZEdsdmJrZHliM1Z3THpReU9EYzFNVDlsZUhCcGNtVnpYMmx1UFRFNE1EQUdPZ1pGVkE9PSIsImV4cCI6IjIwMjYtMDktMDNUMjE6Mjc6MjYuNTA3WiIsInB1ciI6ImRlZmF1bHQifX0%3D--096677ff5d4ae80a64d2f698f73387fa074f3d95
2026-09-09,Green Choy,12:00-21:00,"Green Choy, Tooting Market",51.428510940283644,-0.16494930778979333,COLLECTION/SLOTTED,True,True,greenchoykorean.hatchesup.app,https://greenchoykorean.hatchesup.app/basket/new?r=BAhJIhxodHRwczovL2hhdGNoZXN1cC5jby51awY6BkVU--5942f19e56a10904bb3b3ddfd5089e2be2c9ba2d&st=eyJfcmFpbHMiOnsibWVzc2FnZSI6IkJBaEpJamhuYVdRNkx5OXpZMmhzWlhBdlEyOXNiR1ZqZEdsdmJrZHliM1Z3THpReU5UVTVNVDlsZUhCcGNtVnpYMmx1UFRFNE1EQUdPZ1pGVkE9PSIsImV4cCI6IjIwMjYtMDktMDNUMjE6Mjc6MjYuNDc5WiIsInB1ciI6ImRlZmF1bHQifX0%3D--4c0e900eb398ab5f66221aba777f5848ea5e34e6
2026-09-09,Hot Bird,12:00-20:30,Market Place Hounslow,51.46735843192258,-0.36387034285270703,COLLECTION/SLOTTED,True,True,hotbird.hatchesup.app,https://hotbird.hatchesup.app/basket/new?r=BAhJIhxodHRwczovL2hhdGNoZXN1cC5jby51awY6BkVU--5942f19e56a10904bb3b3ddfd5089e2be2c9ba2d&st=eyJfcmFpbHMiOnsibWVzc2FnZSI6IkJBaEpJamhuYVdRNkx5OXpZMmhzWlhBdlEyOXNiR1ZqZEdsdmJrZHliM1Z3THpReU16a3dNVDlsZUhCcGNtVnpYMmx1UFRFNE1EQUdPZ1pGVkE9PSIsImV4cCI6IjIwMjYtMDktMDNUMjE6Mjc6MjYuNTMxWiIsInB1ciI6ImRlZmF1bHQifX0%3D--6f35a549c62bebaa778f29110c7f246367894097
2026-09-09,Kerbside Kitchen,11:00-19:30,"Kerbside Kitchen, Cromer",52.93141941204113,1.3012480345261939,HIDE_PRICES/COLLECTION/SLOTTED,True,True,kerbsidekitchen.hatchesup.app,https://kerbsidekitchen.hatchesup.app/basket/new?r=BAhJIhxodHRwczovL2hhdGNoZXN1cC5jby51awY6BkVU--5942f19e56a10904bb3b3ddfd5089e2be2c9ba2d&st=eyJfcmFpbHMiOnsibWVzc2FnZSI6IkJBaEpJamhuYVdRNkx5OXpZMmhzWlhBdlEyOXNiR1ZqZEdsdmJrZHliM1Z3THpReU16QXlORDlsZUhCcGNtVnpYMmx1UFRFNE1EQUdPZ1pGVkE9PSIsImV4cCI6IjIwMjYtMDktMDNUMjE6Mjc6MjYuMTY5WiIsInB1ciI6ImRlZmF1bHQifX0%3D--172b5f2e952a995512915bed280a857e70a0c80b
2026-09-09,Kushi London,11:30-18:00,Old Spitalfields Market,51.51929141182023,-0.07404331134372141,HIDE_PRICES/COLLECTION/SLOTTED,True,True,kushilondon.hatchesup.app,https://kushilondon.hatchesup.app/basket/new?r=BAhJIhxodHRwczovL2hhdGNoZXN1cC5jby51awY6BkVU--5942f19e56a10904bb3b3ddfd5089e2be2c9ba2d&st=eyJfcmFpbHMiOnsibWVzc2FnZSI6IkJBaEpJamhuYVdRNkx5OXpZMmhzWlhBdlEyOXNiR1ZqZEdsdmJrZHliM1Z3THpReU5EZzFPVDlsZUhCcGNtVnpYMmx1UFRFNE1EQUdPZ1pGVkE9PSIsImV4cCI6IjIwMjYtMDktMDNUMjE6Mjc6MjYuNTQ2WiIsInB1ciI6ImRlZmF1bHQifX0%3D--1b2845a42ac04e7f6e0220d2dbec6973c0d25568
2026-09-09,Ling Ling's Steam Kitchen,11:45-14:00,"Mill Park Road, Cambridge",52.19301121299365,0.13607809634170992,COLLECTION/SLOTTED,True,True,linglingssteamkitchen.hatchesup.app,https://linglingssteamkitchen.hatchesup.app/basket/new?r=BAhJIhxodHRwczovL2hhdGNoZXN1cC5jby51awY6BkVU--5942f19e56a10904bb3b3ddfd5089e2be2c9ba2d&st=eyJfcmFpbHMiOnsibWVzc2FnZSI6IkJBaEpJamhuYVdRNkx5OXpZMmhzWlhBdlEyOXNiR1ZqZEdsdmJrZHliM1Z3THpRek5UWTFORDlsZUhCcGNtVnpYMmx1UFRFNE1EQUdPZ1pGVkE9PSIsImV4cCI6IjIwMjYtMDktMDNUMjE6Mjc6MjYuMjQ0WiIsInB1ciI6ImRlZmF1bHQifX0%3D--6d656fe8425b1c073e8c69cf0a5965915f9b26eb
2026-09-09,Meat Point,11:00-18:00,Camden Stables Market,51.541831129005246,-0.14615824301484093,HIDE_PRICES/COLLECTION/SLOTTED,True,True,meatpoint.hatchesup.app,https://meatpoint.hatchesup.app/basket/new?r=BAhJIhxodHRwczovL2hhdGNoZXN1cC5jby51awY6BkVU--5942f19e56a10904bb3b3ddfd5089e2be2c9ba2d&st=eyJfcmFpbHMiOnsibWVzc2FnZSI6IkJBaEpJamhuYVdRNkx5OXpZMmhzWlhBdlEyOXNiR1ZqZEdsdmJrZHliM1Z3THpReE9EazNNejlsZUhCcGNtVnpYMmx1UFRFNE1EQUdPZ1pGVkE9PSIsImV4cCI6IjIwMjYtMDktMDNUMjE6Mjc6MjYuNTIwWiIsInB1ciI6ImRlZmF1bHQifX0%3D--121869b0f2a4af841c4105dbdd097e8f51673112
2026-09-09,Morty's Focacceria,12:00-21:00,White Cloth Hall,53.795311961038614,-1.5389447023425797,COLLECTION/SLOTTED,True,True,mortys.hatchesup.app,https://mortys.hatchesup.app/basket/new?r=BAhJIhxodHRwczovL2hhdGNoZXN1cC5jby51awY6BkVU--5942f19e56a10904bb3b3ddfd5089e2be2c9ba2d&st=eyJfcmFpbHMiOnsibWVzc2FnZSI6IkJBaEpJamhuYVdRNkx5OXpZMmhzWlhBdlEyOXNiR1ZqZEdsdmJrZHliM1Z3THpReU5USTFPRDlsZUhCcGNtVnpYMmx1UFRFNE1EQUdPZ1pGVkE9PSIsImV4cCI6IjIwMjYtMDktMDNUMjE6Mjc6MjYuMzU0WiIsInB1ciI6ImRlZmF1bHQifX0%3D--cb25b332689028c0efbd23f960ca4f983b43c6c2
2026-09-09,Prad Thai,12:00-22:00,Pop Brixton,51.46280428680355,-0.11008543951499557,COLLECTION/SLOTTED,True,True,pradthai.hatchesup.app,https://pradthai.hatchesup.app/basket/new?r=BAhJIhxodHRwczovL2hhdGNoZXN1cC5jby51awY6BkVU--5942f19e56a10904bb3b3ddfd5089e2be2c9ba2d&st=eyJfcmFpbHMiOnsibWVzc2FnZSI6IkJBaEpJamhuYVdRNkx5OXpZMmhzWlhBdlEyOXNiR1ZqZEdsdmJrZHliM1Z3THpRMU1UUTBOVDlsZUhCcGNtVnpYMmx1UFRFNE1EQUdPZ1pGVkE9PSIsImV4cCI6IjIwMjYtMDktMDNUMjE6Mjc6MjYuNDYxWiIsInB1ciI6ImRlZmF1bHQifX0%3D--4e4d54e2f5e9a9e03224d76f1b2234ccfe27da32
2026-09-09,Rice Kitchen,11:00-16:30,"Grainger Market, Newcastle",54.973516097821616,-1.6109636541030607,COLLECTION/SLOTTED,True,True,ricekitchenncl.hatchesup.app,https://ricekitchenncl.hatchesup.app/basket/new?r=BAhJIhxodHRwczovL2hhdGNoZXN1cC5jby51awY6BkVU--5942f19e56a10904bb3b3ddfd5089e2be2c9ba2d&st=eyJfcmFpbHMiOnsibWVzc2FnZSI6IkJBaEpJamhuYVdRNkx5OXpZMmhzWlhBdlEyOXNiR1ZqZEdsdmJrZHliM1Z3THpRMU1qRXpNVDlsZUhCcGNtVnpYMmx1UFRFNE1EQUdPZ1pGVkE9PSIsImV4cCI6IjIwMjYtMDktMDNUMjE6Mjc6MjYuNDExWiIsInB1ciI6ImRlZmF1bHQifX0%3D--3e00cc73b93bd29cd742cac308bdf69f37dcb553
2026-09-09,Snackwallah,11:30-16:30,Grainger Market,54.97258797272251,-1.6130193262126347,COLLECTION/SLOTTED,True,True,snackwallah.hatchesup.app,https://snackwallah.hatchesup.app/basket/new?r=BAhJIhxodHRwczovL2hhdGNoZXN1cC5jby51awY6BkVU--5942f19e56a10904bb3b3ddfd5089e2be2c9ba2d&st=eyJfcmFpbHMiOnsibWVzc2FnZSI6IkJBaEpJamhuYVdRNkx5OXpZMmhzWlhBdlEyOXNiR1ZqZEdsdmJrZHliM1Z3THpRek1EY3dOejlsZUhCcGNtVnpYMmx1UFRFNE1EQUdPZ1pGVkE9PSIsImV4cCI6IjIwMjYtMDktMDNUMjE6Mjc6MjYuMzgzWiIsInB1ciI6ImRlZmF1bHQifX0%3D--90c5fafd44df0abbfc4c7ec28d97e251767be4df
2026-09-09,Spice & Rice,09:30-18:30,Westfield Stratford,51.54116864912633,0.0035235099243072256,COLLECTION/SLOTTED,True,True,spiceandrice.hatchesup.app,https://spiceandrice.hatchesup.app/basket/new?r=BAhJIhxodHRwczovL2hhdGNoZXN1cC5jby51awY6BkVU--5942f19e56a10904bb3b3ddfd5089e2be2c9ba2d&st=eyJfcmFpbHMiOnsibWVzc2FnZSI6IkJBaEpJamhuYVdRNkx5OXpZMmhzWlhBdlEyOXNiR1ZqZEdsdmJrZHliM1Z3THpRMU1qUTBNRDlsZUhCcGNtVnpYMmx1UFRFNE1EQUdPZ1pGVkE9PSIsImV4cCI6IjIwMjYtMDktMDNUMjE6Mjc6MjYuNDQ1WiIsInB1ciI6ImRlZmF1bHQifX0%3D--8ae102b5578b1135c2a41fece248709861d46c80
2026-09-09,Spudalicious,11:30-16:30,MK1 Shopping & Leisure Park,52.01034871113367,-0.7333222612066537,COLLECTION/SLOTTED,True,True,spudaliciousuk.hatchesup.app,https://spudaliciousuk.hatchesup.app/basket/new?r=BAhJIhxodHRwczovL2hhdGNoZXN1cC5jby51awY6BkVU--5942f19e56a10904bb3b3ddfd5089e2be2c9ba2d&st=eyJfcmFpbHMiOnsibWVzc2FnZSI6IkJBaEpJamhuYVdRNkx5OXpZMmhzWlhBdlEyOXNiR1ZqZEdsdmJrZHliM1Z3THpRek5EY3lOVDlsZUhCcGNtVnpYMmx1UFRFNE1EQUdPZ1pGVkE9PSIsImV4cCI6IjIwMjYtMDktMDNUMjE6Mjc6MjYuMjcwWiIsInB1ciI6ImRlZmF1bHQifX0%3D--feaf9e2dd3ca23a996cbb66d3afa47302cf7a9fe
2026-09-09,TEXBBQZ,12:00-23:00,"TEXBBQZ, 714 High Road, Leytonstone, London E11 3AJ",51.56918841400615,0.014814395722679565,COLLECTION/SLOTTED,True,True,texbbqz.hatchesup.app,https://texbbqz.hatchesup.app/basket/new?r=BAhJIhxodHRwczovL2hhdGNoZXN1cC5jby51awY6BkVU--5942f19e56a10904bb3b3ddfd5089e2be2c9ba2d&st=eyJfcmFpbHMiOnsibWVzc2FnZSI6IkJBaEpJamhuYVdRNkx5OXpZMmhzWlhBdlEyOXNiR1ZqZEdsdmJrZHliM1Z3THpRek1qa3lNRDlsZUhCcGNtVnpYMmx1UFRFNE1EQUdPZ1pGVkE9PSIsImV4cCI6IjIwMjYtMDktMDNUMjE6Mjc6MjYuNTU5WiIsInB1ciI6ImRlZmF1bHQifX0%3D--599c996a3f7be751f6a99e223e15cda18fe17cc5
2026-09-09,Taste of Cambridge,11:00-15:30,"Market St, Cambridge",52.205647762613744,0.12154900114932128,COLLECTION/SLOTTED,True,True,tasteofcambridgefalafels.hatchesup.app,https://tasteofcambridgefalafels.hatchesup.app/basket/new?r=BAhJIhxodHRwczovL2hhdGNoZXN1cC5jby51awY6BkVU--5942f19e56a10904bb3b3ddfd5089e2be2c9ba2d&st=eyJfcmFpbHMiOnsibWVzc2FnZSI6IkJBaEpJamhuYVdRNkx5OXpZMmhzWlhBdlEyOXNiR1ZqZEdsdmJrZHliM1Z3THpRek5UUXpNRDlsZUhCcGNtVnpYMmx1UFRFNE1EQUdPZ1pGVkE9PSIsImV4cCI6IjIwMjYtMDktMDNUMjE6Mjc6MjYuMjMzWiIsInB1ciI6ImRlZmF1bHQifX0%3D--223fb1246594395f515bfe4543a3f08ca0db866d
2026-09-09,The Funky Pickle Co,17:00-21:00,"North Camp Pub, 95 Lynchford Road, Farnborough GU14 6ET",51.27439133472258,-0.7445196969424541,HIDE_PRICES/COLLECTION/SLOTTED,True,True,funkypickle.hatchesup.app,https://funkypickle.hatchesup.app/basket/new?r=BAhJIhxodHRwczovL2hhdGNoZXN1cC5jby51awY6BkVU--5942f19e56a10904bb3b3ddfd5089e2be2c9ba2d&st=eyJfcmFpbHMiOnsibWVzc2FnZSI6IkJBaEpJamhuYVdRNkx5OXpZMmhzWlhBdlEyOXNiR1ZqZEdsdmJrZHliM1Z3THpRMU1ESTJPRDlsZUhCcGNtVnpYMmx1UFRFNE1EQUdPZ1pGVkE9PSIsImV4cCI6IjIwMjYtMDktMDNUMjE6Mjc6MjYuMjU2WiIsInB1ciI6ImRlZmF1bHQifX0%3D--451c20f404af59a30e7318797eabd721da5ae41f
2026-09-09,The Purple Pepper,11:30-14:00,"Cambourne Business Park, outside Building 2020 CB23 6DW",52.22213352700286,-0.07245802157616381,COLLECTION/SLOTTED,True,True,thepurplepepper.hatchesup.app,https://thepurplepepper.hatchesup.app/basket/new?r=BAhJIhxodHRwczovL2hhdGNoZXN1cC5jby51awY6BkVU--5942f19e56a10904bb3b3ddfd5089e2be2c9ba2d&st=eyJfcmFpbHMiOnsibWVzc2FnZSI6IkJBaEpJamhuYVdRNkx5OXpZMmhzWlhBdlEyOXNiR1ZqZEdsdmJrZHliM1Z3THpRME9ESTVPVDlsZUhCcGNtVnpYMmx1UFRFNE1EQUdPZ1pGVkE9PSIsImV4cCI6IjIwMjYtMDktMDNUMjE6Mjc6MjYuMTQwWiIsInB1ciI6ImRlZmF1bHQifX0%3D--95cd3fa7e61d54bc867e0ebdbdeb6edbdf00e6ec
2026-09-09,The Yeerologist,11:00-20:00,The Yeerologist @ Eat17,51.86990572349725,0.16153980851487787,COLLECTION/SLOTTED,True,True,theyeerologist.hatchesup.app,https://theyeerologist.hatchesup.app/basket/new?r=BAhJIhxodHRwczovL2hhdGNoZXN1cC5jby51awY6BkVU--5942f19e56a10904bb3b3ddfd5089e2be2c9ba2d&st=eyJfcmFpbHMiOnsibWVzc2FnZSI6IkJBaEpJamhuYVdRNkx5OXpZMmhzWlhBdlEyOXNiR1ZqZEdsdmJrZHliM1Z3THpReU5EUXdNejlsZUhCcGNtVnpYMmx1UFRFNE1EQUdPZ1pGVkE9PSIsImV4cCI6IjIwMjYtMDktMDNUMjE6Mjc6MjYuMzY3WiIsInB1ciI6ImRlZmF1bHQifX0%3D--e0262497355e151c813816850bb216dd051398c4
2026-09-09,Toni's Souvlaki & Gyros,11:00-22:00,Watford Market,51.65715879741769,-0.39697891094918225,COLLECTION/SLOTTED,True,True,tonissouvlaki.hatchesup.app,https://tonissouvlaki.hatchesup.app/basket/new?r=BAhJIhxodHRwczovL2hhdGNoZXN1cC5jby51awY6BkVU--5942f19e56a10904bb3b3ddfd5089e2be2c9ba2d&st=eyJfcmFpbHMiOnsibWVzc2FnZSI6IkJBaEpJamhuYVdRNkx5OXpZMmhzWlhBdlEyOXNiR1ZqZEdsdmJrZHliM1Z3THpRek5EQXpNejlsZUhCcGNtVnpYMmx1UFRFNE1EQUdPZ1pGVkE9PSIsImV4cCI6IjIwMjYtMDktMDNUMjE6Mjc6MjYuMjk4WiIsInB1ciI6ImRlZmF1bHQifX0%3D--36ce9e4486e46877ffb6637ff13856564f932de4
2026-09-09,Yum & Bass,11:00-14:00,Tabard Street Food Market,51.50118202609477,-0.09077346410111356,HIDE_PRICES/COLLECTION/SLOTTED,True,True,yumandbass.hatchesup.app,https://yumandbass.hatchesup.app/basket/new?r=BAhJIhxodHRwczovL2hhdGNoZXN1cC5jby51awY6BkVU--5942f19e56a10904bb3b3ddfd5089e2be2c9ba2d&st=eyJfcmFpbHMiOnsibWVzc2FnZSI6IkJBaEpJamhuYVdRNkx5OXpZMmhzWlhBdlEyOXNiR1ZqZEdsdmJrZHliM1Z3THpRek9UUTFPRDlsZUhCcGNtVnpYMmx1UFRFNE1EQUdPZ1pGVkE9PSIsImV4cCI6IjIwMjYtMDktMDNUMjE6Mjc6MjYuMzE0WiIsInB1ciI6ImRlZmF1bHQifX0%3D--2ddc730bc893410c421f8f019a45dd69c83f8171
2026-09-09,Zaket Potato,12:00-14:30,10 Dereham Rd,52.631564958336995,1.2861645465658733,COLLECTION/SLOTTED,True,True,zaketpotato.hatchesup.app,https://zaketpotato.hatchesup.app/basket/new?r=BAhJIhxodHRwczovL2hhdGNoZXN1cC5jby51awY6BkVU--5942f19e56a10904bb3b3ddfd5089e2be2c9ba2d&st=eyJfcmFpbHMiOnsibWVzc2FnZSI6IkJBaEpJamhuYVdRNkx5OXpZMmhzWlhBdlEyOXNiR1ZqZEdsdmJrZHliM1Z3THpRME1ESXlNejlsZUhCcGNtVnpYMmx1UFRFNE1EQUdPZ1pGVkE9PSIsImV4cCI6IjIwMjYtMDktMDNUMjE6Mjc6MjYuMTk1WiIsInB1ciI6ImRlZmF1bHQifX0%3D--88c6860dfc09886d6b908010026a8e3192e1c5bd
2026-09-09,Zaket Potato,17:00-20:00,10 Dereham Rd,52.631564958336995,1.2861645465658733,COLLECTION/SLOTTED,True,True,zaketpotato.hatchesup.app,https://zaketpotato.hatchesup.app/basket/new?r=BAhJIhxodHRwczovL2hhdGNoZXN1cC5jby51awY6BkVU--5942f19e56a10904bb3b3ddfd5089e2be2c9ba2d&st=eyJfcmFpbHMiOnsibWVzc2FnZSI6IkJBaEpJamhuYVdRNkx5OXpZMmhzWlhBdlEyOXNiR1ZqZEdsdmJrZHliM1Z3THpRME1EUXpPVDlsZUhCcGNtVnpYMmx1UFRFNE1EQUdPZ1pGVkE9PSIsImV4cCI6IjIwMjYtMDktMDNUMjE6Mjc6MjYuMjA4WiIsInB1ciI6ImRlZmF1bHQifX0%3D--ec5c885ab13f0affe635487da66169c73f3ecf57
2026-09-10,3Bros Burgers,16:00-22:00,"Mucky Weekender, Vicarage Farm, Woodmancott Lane, Woodmancott, Winchester SO21 3BL",51.17841924678256,-1.2021942390286966,COLLECTION/SLOTTED,True,True,3brosburgers.hatchesup.app,https://3brosburgers.hatchesup.app/basket/new?r=BAhJIhxodHRwczovL2hhdGNoZXN1cC5jby51awY6BkVU--5942f19e56a10904bb3b3ddfd5089e2be2c9ba2d&st=eyJfcmFpbHMiOnsibWVzc2FnZSI6IkJBaEpJamhuYVdRNkx5OXpZMmhzWlhBdlEyOXNiR1ZqZEdsdmJrZHliM1Z3THpNNE1qTTFORDlsZUhCcGNtVnpYMmx1UFRFNE1EQUdPZ1pGVkE9PSIsImV4cCI6IjIwMjYtMDktMDNUMjE6Mjc6MjYuODE1WiIsInB1ciI6ImRlZmF1bHQifX0%3D--077fb852494303f8cd1cf42057814841b43fb9ca
2026-09-10,Al Chile,11:00-21:30,Station Square,52.1943842680965,0.13822195536682358,COLLECTION/SLOTTED,True,True,mexicanpinktruck.hatchesup.app,https://mexicanpinktruck.hatchesup.app/basket/new?r=BAhJIhxodHRwczovL2hhdGNoZXN1cC5jby51awY6BkVU--5942f19e56a10904bb3b3ddfd5089e2be2c9ba2d&st=eyJfcmFpbHMiOnsibWVzc2FnZSI6IkJBaEpJamhuYVdRNkx5OXpZMmhzWlhBdlEyOXNiR1ZqZEdsdmJrZHliM1Z3THpRek56WTNPRDlsZUhCcGNtVnpYMmx1UFRFNE1EQUdPZ1pGVkE9PSIsImV4cCI6IjIwMjYtMDktMDNUMjE6Mjc6MjYuNjk1WiIsInB1ciI6ImRlZmF1bHQifX0%3D--8b5a5c2c696ec07a6595570b27707394237e1a77
2026-09-10,BabTooma Express,11:00-21:00,Darley Street Market,53.79580180316677,-1.7538697554462181,COLLECTION/SLOTTED,True,True,babtooma.hatchesup.app,https://babtooma.hatchesup.app/basket/new?r=BAhJIhxodHRwczovL2hhdGNoZXN1cC5jby51awY6BkVU--5942f19e56a10904bb3b3ddfd5089e2be2c9ba2d&st=eyJfcmFpbHMiOnsibWVzc2FnZSI6IkJBaEpJamhuYVdRNkx5OXpZMmhzWlhBdlEyOXNiR1ZqZEdsdmJrZHliM1Z3THpRek1UY3lPVDlsZUhCcGNtVnpYMmx1UFRFNE1EQUdPZ1pGVkE9PSIsImV4cCI6IjIwMjYtMDktMDNUMjE6Mjc6MjYuODMzWiIsInB1ciI6ImRlZmF1bHQifX0%3D--55e6142f87df9be7ed22e119d3cf9dac2d4846e8
2026-09-10,Barista Boy Coffee Co,06:30-12:00,Flitch Green,51.85865176448034,0.4140978936633681,HIDE_PRICES/COLLECTION/SLOTTED,True,True,baristaboycoffee.hatchesup.app,https://baristaboycoffee.hatchesup.app/basket/new?r=BAhJIhxodHRwczovL2hhdGNoZXN1cC5jby51awY6BkVU--5942f19e56a10904bb3b3ddfd5089e2be2c9ba2d&st=eyJfcmFpbHMiOnsibWVzc2FnZSI6IkJBaEpJamhuYVdRNkx5OXpZMmhzWlhBdlEyOXNiR1ZqZEdsdmJrZHliM1Z3THpRek5UazRNRDlsZUhCcGNtVnpYMmx1UFRFNE1EQUdPZ1pGVkE9PSIsImV4cCI6IjIwMjYtMDktMDNUMjE6Mjc6MjYuOTAyWiIsInB1ciI6ImRlZmF1bHQifX0%3D--950a38d6c3b672679bed8654232a2185c378abc7
2026-09-10,Beardus Burger,17:00-23:30,A38 Last Exit,52.5077273307796,-1.84796201084773,COLLECTION/SLOTTED,True,True,beardusburger.hatchesup.app,https://beardusburger.hatchesup.app/basket/new?r=BAhJIhxodHRwczovL2hhdGNoZXN1cC5jby51awY6BkVU--5942f19e56a10904bb3b3ddfd5089e2be2c9ba2d&st=eyJfcmFpbHMiOnsibWVzc2FnZSI6IkJBaEpJamhuYVdRNkx5OXpZMmhzWlhBdlEyOXNiR1ZqZEdsdmJrZHliM1Z3THpRek9EVXpNRDlsZUhCcGNtVnpYMmx1UFRFNE1EQUdPZ1pGVkE9PSIsImV4cCI6IjIwMjYtMDktMDNUMjE6Mjc6MjYuODQ3WiIsInB1ciI6ImRlZmF1bHQifX0%3D--45f445ac91e75df6103af1ea51df3132b2e9db12
2026-09-10,Broadside Pizza,17:00-20:00,"Daisy's Milk Shed, Attleborough",52.523073,1.010511,HIDE_PRICES/COLLECTION/SLOTTED,True,True,broadsidepizza.hatchesup.app,https://broadsidepizza.hatchesup.app/basket/new?r=BAhJIhxodHRwczovL2hhdGNoZXN1cC5jby51awY6BkVU--5942f19e56a10904bb3b3ddfd5089e2be2c9ba2d&st=eyJfcmFpbHMiOnsibWVzc2FnZSI6IkJBaEpJamhuYVdRNkx5OXpZMmhzWlhBdlEyOXNiR1ZqZEdsdmJrZHliM1Z3THpRME9UWTFORDlsZUhCcGNtVnpYMmx1UFRFNE1EQUdPZ1pGVkE9PSIsImV4cCI6IjIwMjYtMDktMDNUMjE6Mjc6MjYuNzM2WiIsInB1ciI6ImRlZmF1bHQifX0%3D--72a93337e8863bc9f0bc334d9a398b4281f41dcb
2026-09-10,Build A Burga,16:00-21:00,"Stone Street Square, Dudley",52.51057404602015,-2.083067778492502,COLLECTION/SLOTTED,True,True,buildaburga.hatchesup.app,https://buildaburga.hatchesup.app/basket/new?r=BAhJIhxodHRwczovL2hhdGNoZXN1cC5jby51awY6BkVU--5942f19e56a10904bb3b3ddfd5089e2be2c9ba2d&st=eyJfcmFpbHMiOnsibWVzc2FnZSI6IkJBaEpJamhuYVdRNkx5OXpZMmhzWlhBdlEyOXNiR1ZqZEdsdmJrZHliM1Z3THpReU5qQTNNRDlsZUhCcGNtVnpYMmx1UFRFNE1EQUdPZ1pGVkE9PSIsImV4cCI6IjIwMjYtMDktMDNUMjE6Mjc6MjcuMDEyWiIsInB1ciI6ImRlZmF1bHQifX0%3D--7febe01f3094ae29ed033e96cbdb94d5075f3c9a
2026-09-10,Cairo Van,17:00-20:30,"The Sportsman, Cuckfield Road, Goddards Green, Hassocks, West Sussex BN6 9LQ",50.96623426229755,-0.1703522008088382,HIDE_PRICES/COLLECTION/SLOTTED,True,True,cairovan.hatchesup.app,https://cairovan.hatchesup.app/basket/new?r=BAhJIhxodHRwczovL2hhdGNoZXN1cC5jby51awY6BkVU--5942f19e56a10904bb3b3ddfd5089e2be2c9ba2d&st=eyJfcmFpbHMiOnsibWVzc2FnZSI6IkJBaEpJamhuYVdRNkx5OXpZMmhzWlhBdlEyOXNiR1ZqZEdsdmJrZHliM1Z3THpRMU1EQXdNRDlsZUhCcGNtVnpYMmx1UFRFNE1EQUdPZ1pGVkE9PSIsImV4cCI6IjIwMjYtMDktMDNUMjE6Mjc6MjcuMDY3WiIsInB1ciI6ImRlZmF1bHQifX0%3D--49e0d53ece5cf3a43154f5f8accaa155c93a3337
2026-09-10,Charlie's Chippy,16:30-20:00,"The Greyhound Pub, Bengeo",51.80814973222689,-0.0794521445541464,HIDE_PRICES/COLLECTION/SLOTTED,True,True,charlieschippy.hatchesup.app,https://charlieschippy.hatchesup.app/basket/new?r=BAhJIhxodHRwczovL2hhdGNoZXN1cC5jby51awY6BkVU--5942f19e56a10904bb3b3ddfd5089e2be2c9ba2d&st=eyJfcmFpbHMiOnsibWVzc2FnZSI6IkJBaEpJamhuYVdRNkx5OXpZMmhzWlhBdlEyOXNiR1ZqZEdsdmJrZHliM1Z3THpRME9Ua3dNejlsZUhCcGNtVnpYMmx1UFRFNE1EQUdPZ1pGVkE9PSIsImV4cCI6IjIwMjYtMDktMDNUMjE6Mjc6MjYuNjA0WiIsInB1ciI6ImRlZmF1bHQifX0%3D--cd0c6f5f9dd5a4757a81ab95628b65d08a9fa0aa
2026-09-10,Clumsies,17:30-21:00,Mrs Salisburys Carpark,51.77840151464219,0.6756063178461756,COLLECTION/SLOTTED,True,True,clumsies.hatchesup.app,https://clumsies.hatchesup.app/basket/new?r=BAhJIhxodHRwczovL2hhdGNoZXN1cC5jby51awY6BkVU--5942f19e56a10904bb3b3ddfd5089e2be2c9ba2d&st=eyJfcmFpbHMiOnsibWVzc2FnZSI6IkJBaEpJamhuYVdRNkx5OXpZMmhzWlhBdlEyOXNiR1ZqZEdsdmJrZHliM1Z3THpRek5UQTVNejlsZUhCcGNtVnpYMmx1UFRFNE1EQUdPZ1pGVkE9PSIsImV4cCI6IjIwMjYtMDktMDNUMjE6Mjc6MjYuNjU1WiIsInB1ciI6ImRlZmF1bHQifX0%3D--eadf1f2a64becbc6ed5c7f8499cb411d6a186237
2026-09-10,Eat Is Greek,16:00-20:00,"Middleton Pavilion, Worrelle Avenue, Milton Keynes MK10 9AD",52.04322379447297,-0.6986190676319661,HIDE_PRICES/COLLECTION/SLOTTED,True,True,eatisgreekmk.hatchesup.app,https://eatisgreekmk.hatchesup.app/basket/new?r=BAhJIhxodHRwczovL2hhdGNoZXN1cC5jby51awY6BkVU--5942f19e56a10904bb3b3ddfd5089e2be2c9ba2d&st=eyJfcmFpbHMiOnsibWVzc2FnZSI6IkJBaEpJamhuYVdRNkx5OXpZMmhzWlhBdlEyOXNiR1ZqZEdsdmJrZHliM1Z3THpRMU16VXpNRDlsZUhCcGNtVnpYMmx1UFRFNE1EQUdPZ1pGVkE9PSIsImV4cCI6IjIwMjYtMDktMDNUMjE6Mjc6MjYuNzYzWiIsInB1ciI6ImRlZmF1bHQifX0%3D--902ce991a3f32008632a6481ea594aa0fa03c0e8
2026-09-10,Goldee's Bagels,10:00-16:00,"Shambles Market, York",53.959698327489846,-1.078798749143823,COLLECTION/SLOTTED,True,True,goldeesbagels.hatchesup.app,https://goldeesbagels.hatchesup.app/basket/new?r=BAhJIhxodHRwczovL2hhdGNoZXN1cC5jby51awY6BkVU--5942f19e56a10904bb3b3ddfd5089e2be2c9ba2d&st=eyJfcmFpbHMiOnsibWVzc2FnZSI6IkJBaEpJamhuYVdRNkx5OXpZMmhzWlhBdlEyOXNiR1ZqZEdsdmJrZHliM1Z3THpRMU1URXlOajlsZUhCcGNtVnpYMmx1UFRFNE1EQUdPZ1pGVkE9PSIsImV4cCI6IjIwMjYtMDktMDNUMjE6Mjc6MjYuOTI2WiIsInB1ciI6ImRlZmF1bHQifX0%3D--05381352fcfe3a036863096c77d6885a6f1ddf22
2026-09-10,Green Choy,12:00-23:00,"Green Choy, Maison Noor, Ilford",51.55782355880592,0.0749974233762525,COLLECTION/SLOTTED,True,True,greenchoykorean.hatchesup.app,https://greenchoykorean.hatchesup.app/basket/new?r=BAhJIhxodHRwczovL2hhdGNoZXN1cC5jby51awY6BkVU--5942f19e56a10904bb3b3ddfd5089e2be2c9ba2d&st=eyJfcmFpbHMiOnsibWVzc2FnZSI6IkJBaEpJamhuYVdRNkx5OXpZMmhzWlhBdlEyOXNiR1ZqZEdsdmJrZHliM1Z3THpReU56UTBOajlsZUhCcGNtVnpYMmx1UFRFNE1EQUdPZ1pGVkE9PSIsImV4cCI6IjIwMjYtMDktMDNUMjE6Mjc6MjYuOTg0WiIsInB1ciI6ImRlZmF1bHQifX0%3D--a828a81f4e071f5648967c06c06105427c6aaa90
2026-09-10,Green Choy,12:00-23:45,"Green Choy, Mercato Metropolitano Elephant & Castle",51.49794316477026,-0.09678774963472865,COLLECTION/SLOTTED,True,True,greenchoykorean.hatchesup.app,https://greenchoykorean.hatchesup.app/basket/new?r=BAhJIhxodHRwczovL2hhdGNoZXN1cC5jby51awY6BkVU--5942f19e56a10904bb3b3ddfd5089e2be2c9ba2d&st=eyJfcmFpbHMiOnsibWVzc2FnZSI6IkJBaEpJamhuYVdRNkx5OXpZMmhzWlhBdlEyOXNiR1ZqZEdsdmJrZHliM1Z3THpReU9EYzVOajlsZUhCcGNtVnpYMmx1UFRFNE1EQUdPZ1pGVkE9PSIsImV4cCI6IjIwMjYtMDktMDNUMjE6Mjc6MjYuOTk5WiIsInB1ciI6ImRlZmF1bHQifX0%3D--e8f78435101a508bb1c0b545b82e6d5ca690357e
2026-09-10,Green Choy,12:00-21:00,"Green Choy, Tooting Market",51.428510940283644,-0.16494930778979333,COLLECTION/SLOTTED,True,True,greenchoykorean.hatchesup.app,https://greenchoykorean.hatchesup.app/basket/new?r=BAhJIhxodHRwczovL2hhdGNoZXN1cC5jby51awY6BkVU--5942f19e56a10904bb3b3ddfd5089e2be2c9ba2d&st=eyJfcmFpbHMiOnsibWVzc2FnZSI6IkJBaEpJamhuYVdRNkx5OXpZMmhzWlhBdlEyOXNiR1ZqZEdsdmJrZHliM1Z3THpReU5UWXlPRDlsZUhCcGNtVnpYMmx1UFRFNE1EQUdPZ1pGVkE9PSIsImV4cCI6IjIwMjYtMDktMDNUMjE6Mjc6MjYuOTY4WiIsInB1ciI6ImRlZmF1bHQifX0%3D--b585e8f7a74dec2adbba18f9d3fadd8b5148840d
2026-09-10,Hot Bird,12:00-20:30,Market Place Hounslow,51.46735843192258,-0.36387034285270703,COLLECTION/SLOTTED,True,True,hotbird.hatchesup.app,https://hotbird.hatchesup.app/basket/new?r=BAhJIhxodHRwczovL2hhdGNoZXN1cC5jby51awY6BkVU--5942f19e56a10904bb3b3ddfd5089e2be2c9ba2d&st=eyJfcmFpbHMiOnsibWVzc2FnZSI6IkJBaEpJamhuYVdRNkx5OXpZMmhzWlhBdlEyOXNiR1ZqZEdsdmJrZHliM1Z3THpReU16a3pOajlsZUhCcGNtVnpYMmx1UFRFNE1EQUdPZ1pGVkE9PSIsImV4cCI6IjIwMjYtMDktMDNUMjE6Mjc6MjcuMDM3WiIsInB1ciI6ImRlZmF1bHQifX0%3D--6e9cab47063551e5a357a39c615110dd2f567f38
2026-09-10,Kerbside Kitchen,08:00-14:30,"Kerbside Kitchen, North Walsham",52.828029860188224,1.3825721825186381,HIDE_PRICES/COLLECTION/SLOTTED,True,True,kerbsidekitchen.hatchesup.app,https://kerbsidekitchen.hatchesup.app/basket/new?r=BAhJIhxodHRwczovL2hhdGNoZXN1cC5jby51awY6BkVU--5942f19e56a10904bb3b3ddfd5089e2be2c9ba2d&st=eyJfcmFpbHMiOnsibWVzc2FnZSI6IkJBaEpJamhuYVdRNkx5OXpZMmhzWlhBdlEyOXNiR1ZqZEdsdmJrZHliM1Z3THpReU1UazROVDlsZUhCcGNtVnpYMmx1UFRFNE1EQUdPZ1pGVkE9PSIsImV4cCI6IjIwMjYtMDktMDNUMjE6Mjc6MjYuNjMwWiIsInB1ciI6ImRlZmF1bHQifX0%3D--6331eb1c5ab0bf6165edda149f3b6558b96442d5
2026-09-10,Kerbside Kitchen,11:00-19:30,"Kerbside Kitchen, Cromer",52.93141941204113,1.3012480345261939,HIDE_PRICES/COLLECTION/SLOTTED,True,True,kerbsidekitchen.hatchesup.app,https://kerbsidekitchen.hatchesup.app/basket/new?r=BAhJIhxodHRwczovL2hhdGNoZXN1cC5jby51awY6BkVU--5942f19e56a10904bb3b3ddfd5089e2be2c9ba2d&st=eyJfcmFpbHMiOnsibWVzc2FnZSI6IkJBaEpJamhuYVdRNkx5OXpZMmhzWlhBdlEyOXNiR1ZqZEdsdmJrZHliM1Z3THpReU16QTFPVDlsZUhCcGNtVnpYMmx1UFRFNE1EQUdPZ1pGVkE9PSIsImV4cCI6IjIwMjYtMDktMDNUMjE6Mjc6MjYuNjQxWiIsInB1ciI6ImRlZmF1bHQifX0%3D--538a2788e9d279d835d65d287575292a88437a9c
2026-09-10,Kerief Catering Ltd,12:00-13:45,foodPark Cambridge Science park,52.2338325527997,0.14218411205365555,COLLECTION/SLOTTED,True,True,kerief.hatchesup.app,https://kerief.hatchesup.app/basket/new?r=BAhJIhxodHRwczovL2hhdGNoZXN1cC5jby51awY6BkVU--5942f19e56a10904bb3b3ddfd5089e2be2c9ba2d&st=eyJfcmFpbHMiOnsibWVzc2FnZSI6IkJBaEpJamhuYVdRNkx5OXpZMmhzWlhBdlEyOXNiR1ZqZEdsdmJrZHliM1Z3THpRMU16Z3lOVDlsZUhCcGNtVnpYMmx1UFRFNE1EQUdPZ1pGVkE9PSIsImV4cCI6IjIwMjYtMDktMDNUMjE6Mjc6MjYuNTcwWiIsInB1ciI6ImRlZmF1bHQifX0%3D--b1b138d4d7326bb212435918ecb168c22b97c74c
2026-09-10,Kushi London,11:30-18:00,Old Spitalfields Market,51.51929141182023,-0.07404331134372141,HIDE_PRICES/COLLECTION/SLOTTED,True,True,kushilondon.hatchesup.app,https://kushilondon.hatchesup.app/basket/new?r=BAhJIhxodHRwczovL2hhdGNoZXN1cC5jby51awY6BkVU--5942f19e56a10904bb3b3ddfd5089e2be2c9ba2d&st=eyJfcmFpbHMiOnsibWVzc2FnZSI6IkJBaEpJamhuYVdRNkx5OXpZMmhzWlhBdlEyOXNiR1ZqZEdsdmJrZHliM1Z3THpReU5EZzROajlsZUhCcGNtVnpYMmx1UFRFNE1EQUdPZ1pGVkE9PSIsImV4cCI6IjIwMjYtMDktMDNUMjE6Mjc6MjcuMDUzWiIsInB1ciI6ImRlZmF1bHQifX0%3D--bc4c7b6ece06414db500aed28af148a2144276c5
2026-09-10,Ling Ling's Steam Kitchen,11:45-14:00,"Mill Park Road, Cambridge",52.19301121299365,0.13607809634170992,COLLECTION/SLOTTED,True,True,linglingssteamkitchen.hatchesup.app,https://linglingssteamkitchen.hatchesup.app/basket/new?r=BAhJIhxodHRwczovL2hhdGNoZXN1cC5jby51awY6BkVU--5942f19e56a10904bb3b3ddfd5089e2be2c9ba2d&st=eyJfcmFpbHMiOnsibWVzc2FnZSI6IkJBaEpJamhuYVdRNkx5OXpZMmhzWlhBdlEyOXNiR1ZqZEdsdmJrZHliM1Z3THpRek5UWTJORDlsZUhCcGNtVnpYMmx1UFRFNE1EQUdPZ1pGVkE9PSIsImV4cCI6IjIwMjYtMDktMDNUMjE6Mjc6MjYuNzI1WiIsInB1ciI6ImRlZmF1bHQifX0%3D--b4ca8aa25fb0822840069a0d44a345203ed37e8c
2026-09-10,Meat Point,11:00-18:00,Camden Stables Market,51.541831129005246,-0.14615824301484093,HIDE_PRICES/COLLECTION/SLOTTED,True,True,meatpoint.hatchesup.app,https://meatpoint.hatchesup.app/basket/new?r=BAhJIhxodHRwczovL2hhdGNoZXN1cC5jby51awY6BkVU--5942f19e56a10904bb3b3ddfd5089e2be2c9ba2d&st=eyJfcmFpbHMiOnsibWVzc2FnZSI6IkJBaEpJamhuYVdRNkx5OXpZMmhzWlhBdlEyOXNiR1ZqZEdsdmJrZHliM1Z3THpReE9UQXdNajlsZUhCcGNtVnpYMmx1UFRFNE1EQUdPZ1pGVkE9PSIsImV4cCI6IjIwMjYtMDktMDNUMjE6Mjc6MjcuMDI1WiIsInB1ciI6ImRlZmF1bHQifX0%3D--77768f3b521f20c924e129d54f74899b88fc6332
2026-09-10,Miam Miam Bakes,10:00-16:00,"The Glass Pod, Broad Street, King's Lynn PE30 1DP",52.75403780600519,0.39919241514598375,HIDE_PRICES/COLLECTION/SLOTTED,True,True,miammiambakes.hatchesup.app,https://miammiambakes.hatchesup.app/basket/new?r=BAhJIhxodHRwczovL2hhdGNoZXN1cC5jby51awY6BkVU--5942f19e56a10904bb3b3ddfd5089e2be2c9ba2d&st=eyJfcmFpbHMiOnsibWVzc2FnZSI6IkJBaEpJamhuYVdRNkx5OXpZMmhzWlhBdlEyOXNiR1ZqZEdsdmJrZHliM1Z3THpRek5qVTBPRDlsZUhCcGNtVnpYMmx1UFRFNE1EQUdPZ1pGVkE9PSIsImV4cCI6IjIwMjYtMDktMDNUMjE6Mjc6MjcuMDgxWiIsInB1ciI6ImRlZmF1bHQifX0%3D--52e11cce0391f48d80f9bf9772ea27b5c76593d9
2026-09-10,Morty's Focacceria,12:00-21:00,White Cloth Hall,53.795311961038614,-1.5389447023425797,COLLECTION/SLOTTED,True,True,mortys.hatchesup.app,https://mortys.hatchesup.app/basket/new?r=BAhJIhxodHRwczovL2hhdGNoZXN1cC5jby51awY6BkVU--5942f19e56a10904bb3b3ddfd5089e2be2c9ba2d&st=eyJfcmFpbHMiOnsibWVzc2FnZSI6IkJBaEpJamhuYVdRNkx5OXpZMmhzWlhBdlEyOXNiR1ZqZEdsdmJrZHliM1Z3THpReU5USTVOVDlsZUhCcGNtVnpYMmx1UFRFNE1EQUdPZ1pGVkE9PSIsImV4cCI6IjIwMjYtMDktMDNUMjE6Mjc6MjYuODYxWiIsInB1ciI6ImRlZmF1bHQifX0%3D--97214f5017570b7a5e082102b9c54e9240ea042a
2026-09-10,Prad Thai,12:00-22:00,Pop Brixton,51.46280428680355,-0.11008543951499557,COLLECTION/SLOTTED,True,True,pradthai.hatchesup.app,https://pradthai.hatchesup.app/basket/new?r=BAhJIhxodHRwczovL2hhdGNoZXN1cC5jby51awY6BkVU--5942f19e56a10904bb3b3ddfd5089e2be2c9ba2d&st=eyJfcmFpbHMiOnsibWVzc2FnZSI6IkJBaEpJamhuYVdRNkx5OXpZMmhzWlhBdlEyOXNiR1ZqZEdsdmJrZHliM1Z3THpRMU1UUTROajlsZUhCcGNtVnpYMmx1UFRFNE1EQUdPZ1pGVkE9PSIsImV4cCI6IjIwMjYtMDktMDNUMjE6Mjc6MjYuOTUzWiIsInB1ciI6ImRlZmF1bHQifX0%3D--91430eec8f6878643d973267b8c4f1c272f21283
2026-09-10,Rice Kitchen,11:00-16:30,"Grainger Market, Newcastle",54.973516097821616,-1.6109636541030607,COLLECTION/SLOTTED,True,True,ricekitchenncl.hatchesup.app,https://ricekitchenncl.hatchesup.app/basket/new?r=BAhJIhxodHRwczovL2hhdGNoZXN1cC5jby51awY6BkVU--5942f19e56a10904bb3b3ddfd5089e2be2c9ba2d&st=eyJfcmFpbHMiOnsibWVzc2FnZSI6IkJBaEpJamhuYVdRNkx5OXpZMmhzWlhBdlEyOXNiR1ZqZEdsdmJrZHliM1Z3THpRMU1qRTFORDlsZUhCcGNtVnpYMmx1UFRFNE1EQUdPZ1pGVkE9PSIsImV4cCI6IjIwMjYtMDktMDNUMjE6Mjc6MjYuOTE0WiIsInB1ciI6ImRlZmF1bHQifX0%3D--2ed70da7ecbc3ab97df6387f3820307101290311
2026-09-10,Snackwallah,11:30-16:30,Grainger Market,54.97258797272251,-1.6130193262126347,COLLECTION/SLOTTED,True,True,snackwallah.hatchesup.app,https://snackwallah.hatchesup.app/basket/new?r=BAhJIhxodHRwczovL2hhdGNoZXN1cC5jby51awY6BkVU--5942f19e56a10904bb3b3ddfd5089e2be2c9ba2d&st=eyJfcmFpbHMiOnsibWVzc2FnZSI6IkJBaEpJamhuYVdRNkx5OXpZMmhzWlhBdlEyOXNiR1ZqZEdsdmJrZHliM1Z3THpRek1EY3lPRDlsZUhCcGNtVnpYMmx1UFRFNE1EQUdPZ1pGVkE9PSIsImV4cCI6IjIwMjYtMDktMDNUMjE6Mjc6MjYuODkwWiIsInB1ciI6ImRlZmF1bHQifX0%3D--737e000c3e1eb39ea2970330db21fbd641a21f4d
2026-09-10,Spice & Rice,09:30-18:30,Westfield Stratford,51.54116864912633,0.0035235099243072256,COLLECTION/SLOTTED,True,True,spiceandrice.hatchesup.app,https://spiceandrice.hatchesup.app/basket/new?r=BAhJIhxodHRwczovL2hhdGNoZXN1cC5jby51awY6BkVU--5942f19e56a10904bb3b3ddfd5089e2be2c9ba2d&st=eyJfcmFpbHMiOnsibWVzc2FnZSI6IkJBaEpJamhuYVdRNkx5OXpZMmhzWlhBdlEyOXNiR1ZqZEdsdmJrZHliM1Z3THpRMU1qUTNOejlsZUhCcGNtVnpYMmx1UFRFNE1EQUdPZ1pGVkE9PSIsImV4cCI6IjIwMjYtMDktMDNUMjE6Mjc6MjYuOTM5WiIsInB1ciI6ImRlZmF1bHQifX0%3D--c1c2c2cf550361a5d9b31bce9e9ddea010231eae
2026-09-10,Spudalicious,11:30-16:30,MK1 Shopping & Leisure Park,52.01034871113367,-0.7333222612066537,COLLECTION/SLOTTED,True,True,spudaliciousuk.hatchesup.app,https://spudaliciousuk.hatchesup.app/basket/new?r=BAhJIhxodHRwczovL2hhdGNoZXN1cC5jby51awY6BkVU--5942f19e56a10904bb3b3ddfd5089e2be2c9ba2d&st=eyJfcmFpbHMiOnsibWVzc2FnZSI6IkJBaEpJamhuYVdRNkx5OXpZMmhzWlhBdlEyOXNiR1ZqZEdsdmJrZHliM1Z3THpRek5EYzBOajlsZUhCcGNtVnpYMmx1UFRFNE1EQUdPZ1pGVkE9PSIsImV4cCI6IjIwMjYtMDktMDNUMjE6Mjc6MjYuNzQ5WiIsInB1ciI6ImRlZmF1bHQifX0%3D--bd52b4a59727c2ec86e95c71e817b93f70727cb1
2026-09-10,TEXBBQZ,12:00-23:00,"TEXBBQZ, 714 High Road, Leytonstone, London E11 3AJ",51.56918841400615,0.014814395722679565,COLLECTION/SLOTTED,True,True,texbbqz.hatchesup.app,https://texbbqz.hatchesup.app/basket/new?r=BAhJIhxodHRwczovL2hhdGNoZXN1cC5jby51awY6BkVU--5942f19e56a10904bb3b3ddfd5089e2be2c9ba2d&st=eyJfcmFpbHMiOnsibWVzc2FnZSI6IkJBaEpJamhuYVdRNkx5OXpZMmhzWlhBdlEyOXNiR1ZqZEdsdmJrZHliM1Z3THpRek1qazJOVDlsZUhCcGNtVnpYMmx1UFRFNE1EQUdPZ1pGVkE9PSIsImV4cCI6IjIwMjYtMDktMDNUMjE6Mjc6MjcuMDk0WiIsInB1ciI6ImRlZmF1bHQifX0%3D--2f23a50e4cfa9dc8329c00f94bfa6c3014a656e2
2026-09-10,Taste of Cambridge,11:00-15:30,"Market St, Cambridge",52.205647762613744,0.12154900114932128,COLLECTION/SLOTTED,True,True,tasteofcambridgefalafels.hatchesup.app,https://tasteofcambridgefalafels.hatchesup.app/basket/new?r=BAhJIhxodHRwczovL2hhdGNoZXN1cC5jby51awY6BkVU--5942f19e56a10904bb3b3ddfd5089e2be2c9ba2d&st=eyJfcmFpbHMiOnsibWVzc2FnZSI6IkJBaEpJamhuYVdRNkx5OXpZMmhzWlhBdlEyOXNiR1ZqZEdsdmJrZHliM1Z3THpRek5UUTBPVDlsZUhCcGNtVnpYMmx1UFRFNE1EQUdPZ1pGVkE9PSIsImV4cCI6IjIwMjYtMDktMDNUMjE6Mjc6MjYuNzEyWiIsInB1ciI6ImRlZmF1bHQifX0%3D--57d6893abacb10b5fc3d6f5686ce0e9fb581fb45
2026-09-10,The House of Dough,10:30-16:00,The House of Dough (shop),52.05527147365396,-0.8497081995052236,COLLECTION/SLOTTED,True,True,thehouseofdough.hatchesup.app,https://thehouseofdough.hatchesup.app/basket/new?r=BAhJIhxodHRwczovL2hhdGNoZXN1cC5jby51awY6BkVU--5942f19e56a10904bb3b3ddfd5089e2be2c9ba2d&st=eyJfcmFpbHMiOnsibWVzc2FnZSI6IkJBaEpJamhuYVdRNkx5OXpZMmhzWlhBdlEyOXNiR1ZqZEdsdmJrZHliM1Z3THpRek5qSTNPVDlsZUhCcGNtVnpYMmx1UFRFNE1EQUdPZ1pGVkE9PSIsImV4cCI6IjIwMjYtMDktMDNUMjE6Mjc6MjYuNzc1WiIsInB1ciI6ImRlZmF1bHQifX0%3D--570fb52d77dda0f1931a2cc0fbe356d6030fadce
2026-09-10,The Pizza Pod,17:00-21:00,"Ye Olde Abbey, 21 East Street, Crowland PE6 0EN",52.67568460839507,-0.1655736168727306,COLLECTION/SLOTTED,True,True,thepizzapod.hatchesup.app,https://thepizzapod.hatchesup.app/basket/new?r=BAhJIhxodHRwczovL2hhdGNoZXN1cC5jby51awY6BkVU--5942f19e56a10904bb3b3ddfd5089e2be2c9ba2d&st=eyJfcmFpbHMiOnsibWVzc2FnZSI6IkJBaEpJamhuYVdRNkx5OXpZMmhzWlhBdlEyOXNiR1ZqZEdsdmJrZHliM1Z3THpRME9UVXlNajlsZUhCcGNtVnpYMmx1UFRFNE1EQUdPZ1pGVkE9PSIsImV4cCI6IjIwMjYtMDktMDNUMjE6Mjc6MjYuNjE2WiIsInB1ciI6ImRlZmF1bHQifX0%3D--e6bc31eb0f0727f36ca24c470bde8d4bc1ca12c1
2026-09-10,The Purple Pepper,16:45-20:00,The White Swan Bluntisham PE28 3LD,52.35217776493906,0.008357182899095544,COLLECTION/SLOTTED,True,True,thepurplepepper.hatchesup.app,https://thepurplepepper.hatchesup.app/basket/new?r=BAhJIhxodHRwczovL2hhdGNoZXN1cC5jby51awY6BkVU--5942f19e56a10904bb3b3ddfd5089e2be2c9ba2d&st=eyJfcmFpbHMiOnsibWVzc2FnZSI6IkJBaEpJamhuYVdRNkx5OXpZMmhzWlhBdlEyOXNiR1ZqZEdsdmJrZHliM1Z3THpRME9ESXlORDlsZUhCcGNtVnpYMmx1UFRFNE1EQUdPZ1pGVkE9PSIsImV4cCI6IjIwMjYtMDktMDNUMjE6Mjc6MjYuNTkwWiIsInB1ciI6ImRlZmF1bHQifX0%3D--531303beb4f5b58bc476248aac6ff6a4d944f9e7
2026-09-10,The Yeerologist,11:00-20:00,The Yeerologist @ Eat17,51.86990572349725,0.16153980851487787,COLLECTION/SLOTTED,True,True,theyeerologist.hatchesup.app,https://theyeerologist.hatchesup.app/basket/new?r=BAhJIhxodHRwczovL2hhdGNoZXN1cC5jby51awY6BkVU--5942f19e56a10904bb3b3ddfd5089e2be2c9ba2d&st=eyJfcmFpbHMiOnsibWVzc2FnZSI6IkJBaEpJamhuYVdRNkx5OXpZMmhzWlhBdlEyOXNiR1ZqZEdsdmJrZHliM1Z3THpReU5EUTBNRDlsZUhCcGNtVnpYMmx1UFRFNE1EQUdPZ1pGVkE9PSIsImV4cCI6IjIwMjYtMDktMDNUMjE6Mjc6MjYuODc0WiIsInB1ciI6ImRlZmF1bHQifX0%3D--e8f74cc5fd1ef99b2406da64f547f984b21b1730
2026-09-10,Toni's Souvlaki & Gyros,11:00-22:00,Watford Market,51.65715879741769,-0.39697891094918225,COLLECTION/SLOTTED,True,True,tonissouvlaki.hatchesup.app,https://tonissouvlaki.hatchesup.app/basket/new?r=BAhJIhxodHRwczovL2hhdGNoZXN1cC5jby51awY6BkVU--5942f19e56a10904bb3b3ddfd5089e2be2c9ba2d&st=eyJfcmFpbHMiOnsibWVzc2FnZSI6IkJBaEpJamhuYVdRNkx5OXpZMmhzWlhBdlEyOXNiR1ZqZEdsdmJrZHliM1Z3THpRek5EQTNPRDlsZUhCcGNtVnpYMmx1UFRFNE1EQUdPZ1pGVkE9PSIsImV4cCI6IjIwMjYtMDktMDNUMjE6Mjc6MjYuNzg4WiIsInB1ciI6ImRlZmF1bHQifX0%3D--c0a1753de5e68fad1741fc9d31242e28cf1dde2e
2026-09-10,Yum & Bass,11:00-14:00,Tabard Street Food Market,51.50118202609477,-0.09077346410111356,HIDE_PRICES/COLLECTION/SLOTTED,True,True,yumandbass.hatchesup.app,https://yumandbass.hatchesup.app/basket/new?r=BAhJIhxodHRwczovL2hhdGNoZXN1cC5jby51awY6BkVU--5942f19e56a10904bb3b3ddfd5089e2be2c9ba2d&st=eyJfcmFpbHMiOnsibWVzc2FnZSI6IkJBaEpJamhuYVdRNkx5OXpZMmhzWlhBdlEyOXNiR1ZqZEdsdmJrZHliM1Z3THpRek9UUTNNVDlsZUhCcGNtVnpYMmx1UFRFNE1EQUdPZ1pGVkE9PSIsImV4cCI6IjIwMjYtMDktMDNUMjE6Mjc6MjYuODAzWiIsInB1ciI6ImRlZmF1bHQifX0%3D--1d4fde56f7879aad16cbff9bc210c3f21af02ce6
2026-09-10,Zaket Potato,17:00-20:00,10 Dereham Rd,52.631564958336995,1.2861645465658733,COLLECTION/SLOTTED,True,True,zaketpotato.hatchesup.app,https://zaketpotato.hatchesup.app/basket/new?r=BAhJIhxodHRwczovL2hhdGNoZXN1cC5jby51awY6BkVU--5942f19e56a10904bb3b3ddfd5089e2be2c9ba2d&st=eyJfcmFpbHMiOnsibWVzc2FnZSI6IkJBaEpJamhuYVdRNkx5OXpZMmhzWlhBdlEyOXNiR1ZqZEdsdmJrZHliM1Z3THpRME1EUTFPRDlsZUhCcGNtVnpYMmx1UFRFNE1EQUdPZ1pGVkE9PSIsImV4cCI6IjIwMjYtMDktMDNUMjE6Mjc6MjYuNjY4WiIsInB1ciI6ImRlZmF1bHQifX0%3D--bab931f52247d5a5f7796aaccd05407c7daed6e8
2026-09-10,Zaket Potato,12:00-14:30,10 Dereham Rd,52.631564958336995,1.2861645465658733,COLLECTION/SLOTTED,True,True,zaketpotato.hatchesup.app,https://zaketpotato.hatchesup.app/basket/new?r=BAhJIhxodHRwczovL2hhdGNoZXN1cC5jby51awY6BkVU--5942f19e56a10904bb3b3ddfd5089e2be2c9ba2d&st=eyJfcmFpbHMiOnsibWVzc2FnZSI6IkJBaEpJamhuYVdRNkx5OXpZMmhzWlhBdlEyOXNiR1ZqZEdsdmJrZHliM1Z3THpRME1ESXpPVDlsZUhCcGNtVnpYMmx1UFRFNE1EQUdPZ1pGVkE9PSIsImV4cCI6IjIwMjYtMDktMDNUMjE6Mjc6MjYuNjgxWiIsInB1ciI6ImRlZmF1bHQifX0%3D--de4c72fb982b1a80d68588ff3ac7a0348bcd1256
